,Org name,Org type,Forbes rank,CSR rank,Sector,Text,tweet_type,CODED_hashtags,CODED_media,CODED_urls,favorite_count,retweet_count,Date,Fake_Label,Presence/Absence,Josh,Dylan
25457,Viacom,profit,248,53,Media,.@VirtualTedS showcases ViacomXR and @awesomenesstv‚Äôs #LightAsAFeather activation powered by @magicleap. The uniquely immersive experience gives #VidConUS attendees the chance to be at the center of the @hulu series with their favorite characters. #ViacomLive https://t.co/fZ1Er8mnin,original,1,1,0,19,11,7/11/19,1,0,0,0
52414,AbbVie,profit,96,61,Healthcare,We continue to invest in our pipeline to develop innovative medicines for patients and support long-term growth. Learn more: https://t.co/TsJ3Jixt2k $ABBV https://t.co/hhynD3K2m6,original,0,1,1,3,2,7/26/19,1,0,1,1
27378,Huntsman,profit,276,51,Chemicals,"#Huntsman unveiled Araldite¬Æ 2050 and Araldite¬Æ 2051 @JECComposites. These latest adhesives will bring benefits to assembly, maintenance and repair bonding operations in the bus and truck, railway, wind and marine industries. #Araldite #JEC2019 https://t.co/JaqplM82MS",original,1,1,0,9,3,4/17/19,1,0,1,0
42166,Alleghany,profit,437,46,Financials,"The eastbound lane of Pineview Drive in Elizabeth Township has closed at the site of a landslide about 1,300 feet west of Long Hollow Road. Stop signs will be used to control traffic where the road becomes a single lane. Read more: https://t.co/KDHQux4tTN https://t.co/dpUmGmMx8v",original,0,1,1,3,1,4/24/19,1,0,0,0
14326,Qualcomm,profit,137,57,Technology,The #Snapdragon 855-powered #GalaxyS10 5G from @SamsungMobile is here. Welcome to a new era of connectivity. https://t.co/FJhm3ZNgWP https://t.co/wH3qkjrYEc,original,1,1,1,52,11,3/5/19,1,0,0,0
3846,Procter & Gamble,profit,45,59,Household Products,"In a growing, more globalized world, we need to protect our planet. Next week, we'll be @WEF discussing how we can make sustainability at scale a reality for people across the world. #DoingGoodEveryDay #WEF19 https://t.co/OAOayZgt4d",original,1,1,0,12,4,1/21/19,1,0,1,1
35070,AGCO,profit,335,53,Industrials,"Woof! It's Frida again! Farm animals deserve to be comfortable, healthy and stress-free. That's why our Grain &amp; Protein brands help customers respond to the demand for high-quality protein &amp; preserve more of what‚Äôs being produced. #FridatheAmbassador https://t.co/MwJK4ftpKD",original,1,1,0,12,0,11/13/19,1,1,0,0
19763,Jacobs Engineering Group,profit,208,54,Engineering & Construction,#WorldEnviromentDay is on June 5. What are you doing to #BeatAirPollution?   Here‚Äôs 8 ways we‚Äôre improving air quality ‚û°Ô∏èhttps://t.co/FC1T050oTL https://t.co/eVVBaSyplp,original,1,1,1,6,1,6/3/19,1,1,0,0
21483,Microsoft,profit,26,68,Technology,üêÜ + üì∑ + üíª   Here's how @SnowLeopards visualize and explore data with #AI to better develop and assess conservation programs: https://t.co/kKwOVFglCe,original,1,0,1,197,37,8/9/19,1,0,0,0
13011,International Paper,profit,133,57,Materials,"Did you know? Diapers, tissues and other personal hygiene products are made using the same renewable resource as paper ‚Äî trees!  Our Elegance¬Æ fluff pulp allows customers to create ultra-thin, soft &amp; discreet products that are environmentally responsible.  #InnovativeProducts https://t.co/XmdYkcY4FH",original,1,1,0,7,2,8/29/19,1,0,1,0
47857,Williams-Sonoma,profit,495,51,Retailing,The little bit of nutrient-rich greenery that manages to make us feel okay about the rest of the day‚Äôs indulgences.  These Vegetable Sides Belong at This Year‚Äôs Thanksgiving Table: https://t.co/y7l5BbZtDR https://t.co/vut738Tv5M,original,0,1,1,5,1,11/24/19,1,0,0,0
49948,Cigna,profit,65,61,Healthcare,".@ChicagoBears players are here at today‚Äôs job fair at their practice facility. They‚Äôre here to help us with giveaways, provide information about health resources and help Veterans find job opportunities in the Chicago area. #CignaChicago https://t.co/drMBXhh8PX",original,1,1,0,4,1,11/6/19,1,1,0,0
1374,Home Depot,profit,27,57,Retailing,Bring fresh air into your home with savings on an ODL retractable screen door from today's Special Buy! https://t.co/scCMfg1hK9 https://t.co/boanEBP0tg,original,0,1,1,18,10,6/14/19,1,0,0,1
49161,Cisco Systems,profit,64,65,Technology,"We're excited to be a part of the movement powering #GlobalGoalLive: The #PossibleDream, as part of our partnership with @GlblCtzn. Together we aim to end extreme poverty, tackle climate change, and reduce inequality by 2030. https://t.co/iImWn3x4Mr #ForPeopleForPlanet https://t.co/LLXR5kfyrC",original,1,1,1,79,28,9/26/19,1,0,1,0
999,Fannie Mae,profit,22,53,Financials,"Yesterday on @breakfastclubam, Danielle McCoy, our VP and Fair Lending Officer, talked about the importance of homebuyers looking into the best mortgage option for them: https://t.co/3e54XPvU3Q #homeownershipmonth #NationalHomeownershipMonth",original,1,0,1,11,4,6/5/19,1,0,0,0
15893,Western Digital,profit,152,53,Technology,Our SVP of global sales and marketing Jerry Kagele met with Senator @BobWieckowskiCA at #FMS2019. They discussed our expansive portfolio of products and stopped by our @wd_black gaming station. https://t.co/hoEMMAzxzJ,original,1,1,0,38,10,8/7/19,1,0,0,0
1791,Microsoft,profit,26,68,Technology,"Envisioning a world where everything is digitized and connected in the cloud. ‚òÅÔ∏è  That's what @FinancialReview cites as @satyanadella's ""superpower.""  Read more: https://t.co/67aw9XToSL",original,0,0,1,231,57,11/22/19,1,0,1,0
31426,BorgWarner,profit,301,53,Motor Vehicles & Parts,"Have you seen our new #highvoltage #electrified demo vehicle, the #ArielNomad? This open-air vehicle delivers a dynamic driving experience. Click this link to learn about the fully electrified #propulsion system: https://t.co/y6LYrtVyKz",original,1,0,1,7,0,12/3/19,1,0,1,0
19117,Becton Dickinson,profit,195,60,Health Care,BD has been recognized by @HRC as a #CEI2019 #LGBT+-inclusive workplace; endorses @free_equal standards of conduct for business: https://t.co/cevthevhc5 https://t.co/rXmZHzTBrx,original,1,1,1,15,5,3/28/19,1,0,0,0
47706,Peabody Energy,profit,499,50,Energy,#CaseforCoal: Wyoming Governor Mark Gordon displayed his support for #coal during #EnergyDay at the Wyoming football game over the weekend. https://t.co/eOrNAbHZ3E,original,1,1,0,3,0,10/2/19,1,0,0,0
2708,Dell Technologies,profit,34,60,Technology,"The new @intel 10th Generation Core processors are available in the refreshed XPS 13, XPS 13 2-in-1, and Inspiron laptops. Which one best fits your lifestyle? @windowsblog https://t.co/XT1rYziIzh #IFA19",original,1,0,1,69,16,9/7/19,1,0,0,0
34185,Public Service Enterprise Group,profit,323,59,Energy,PSEG Power has agreed to sell its interest in Keystone and Conemaugh coal plants; https://t.co/GTgytXifCz,original,0,0,1,0,1,6/24/19,1,0,0,0
11728,INTL FCStone,profit,112,43,Financials,"INTL FCStone's PMXecute+ connects precious metals consumers and suppliers of physical gold with seamless, real-time access to the global bullion market. Check out this @hubbisnews article to learn how to use our tool to trade in the modern world: https://t.co/F4TMsdKMbx",original,0,0,1,0,0,2/21/19,1,0,0,0
11964,Amgen,profit,129,59,Health Care,"Good luck to #Amgen teams &amp; local partners in Brazil, Canada, Colombia, Egypt, Kuwait, Lebanon, Mexico, Saudi Arabia, South Africa &amp; Turkey attempting to break a Guinness World Records title  today for most #osteoporosis screenings in 24 hours #AmgenRecord @GWR https://t.co/kHZ5O28yza",original,1,1,0,16,8,5/5/19,1,0,1,1
26265,VF,profit,252,57,Apparel,"It‚Äôs time to restore land and futures. Join @UNCCD Climate Ambassador @Innamodja and @Timberland for the #GreatGreenWall film and discover Africa's plan to build a massive ""wall"" of trees. üå≥üå≥üå≥#NatureNeedsHeroes #MovementMakers #GreatGreenWall https://t.co/za1fY33Oor",original,1,0,1,6,2,10/1/19,1,0,1,0
21402,Phillips 66,profit,23,49,Energy,We all remember our favorite teachers. Now we add another to the list. Proud to recognize Cameron Hill as our Educator of the Year for Plaquemines Parish. #ActionsSpeak https://t.co/tq76sy8EG0,original,1,1,0,20,5,2/7/19,1,0,0,0
31461,BorgWarner,profit,301,53,Motor Vehicles & Parts,"Sept. 10-12, you can find us at @EVTechExpo in Novi, Michigan, where we will be displaying our product portfolio for hybrid and electric vehicles including our eBooster¬Æ, electrically driven compressor and iDM (integrated drive module). We‚Äôll be at booth 1445! #EVT19 https://t.co/QKpiCbYOaF",original,1,1,0,3,1,9/4/19,1,0,1,0
32281,Citigroup,profit,30,61,Financials,"We‚Äôre celebrating our 50th Anniversary in Bahrain! #Citi CEO Mike Corbat joined the Head of Bahrain, Kuwait and Qatar Usman Ahmed to kick-off the celebrations in the Kingdom where the franchise has been a partner of growth and economic progress since its establishment in 1969. https://t.co/pAB2BTGj0c",original,1,1,0,34,8,11/5/19,1,0,1,0
43817,Northern Trust,profit,453,55,Financials,Our @NTInvest head of EMEA Marie Dzanis is live on air in London shortly. She‚Äôs talking #assetmanagement trends im 2019 to @annaedwardsnews in a few minutes. TUNE IN. https://t.co/KLmTltcf2i,original,1,1,0,11,2,1/4/19,1,0,0,0
51802,ConocoPhillips,profit,86,55,Energy,What's your energy personality? Answer these 10 questions to find out.  https://t.co/4EkwpmlSDC #SES2019 https://t.co/ySisgoXcmI,original,1,1,1,3,1,7/19/19,1,0,0,0
37558,Berry Global Group,profit,389,49,Materials,"Discover the latest innovations and developments in #filtration.  Join us for #Filtrex2019 May 14-15th for the ""New Developments in Media Design"" session.  Request a meeting through albertocallado@berryglobal.com.  https://t.co/bOTjvV1OLa https://t.co/kJtswj6SVo",original,1,1,1,0,0,5/2/19,1,0,0,0
49840,Goldman Sachs Group,profit,62,55,Financials,Tune in tomorrow at 8am ET for $GS CEO David Solomon‚Äôs fireside chat at @CreditSuisse https://t.co/K1WP5dp9Ey,original,0,0,1,6,3,2/11/19,1,0,0,0
20981,Home Depot,profit,27,57,Retailing,"Update your outdoor living space with new patio furniture, decor and greenery from The Home Depot. See how Katelyn Jones of a Touch of Pink created an outdoor oasis in her small patio. https://t.co/ZR4DPM5Stf https://t.co/RfK9UkAIQU",original,0,1,1,33,8,7/20/19,1,0,0,0
47969,Yum China Holdings,profit,362,50,"Hotels, Restaurants & Leisure","Proud to share our 2018 Global Citizenship &amp; Sustainability Progress Update which highlights the great work made by @KFC, @pizzahut &amp; @tacobell over the last year around our focus areas of food, people and planet.   Learn more at: https://t.co/6xL8RK9R4y https://t.co/EYaEOWaxFh",original,0,1,1,23,10,7/30/19,1,0,0,0
32135,Anthem,profit,33,56,Healthcare,"We are taking a holistic approach to address the #opioid epidemic with partners across the healthcare system. Our efforts are focused on prevention, treatment and recovery, and deterrence. Learn more about the impact these efforts are having, and what‚Äôs ahead.",original,1,0,0,184,60,9/10/19,1,0,1,1
44259,S&P Global,profit,470,60,Business Services,"SPGI has been given an A- in the latest @CDP Climate Change Report, firmly putting us in the leadership band out of 7000 companies who reported their carbon information in 2018. We are committed to reducing our environmental footprint #sustainability https://t.co/531IOY9RAV https://t.co/MBg6bFiDAB",original,1,1,1,1,3,2/8/19,1,0,1,0
24881,ADP,profit,239,63,Business Services,5 trends that are primed to make the greatest impact in the accounting ecosystem in 2020: https://t.co/lDiMf6URFo https://t.co/uqzUgVW2Az,original,0,1,1,1,1,12/17/19,1,0,0,0
49970,Cigna,profit,65,61,Healthcare,The #CignaOH team had a great time volunteering for @clevemetroparks to clean up a mountain bike trail yesterday. It was a beautiful day outdoors supporting a great cause and working together as a team. https://t.co/4adisFNByW,original,1,1,0,6,0,10/18/19,1,0,0,0
26598,MGM Resorts International,profit,266,51,"Hotels, Restaurants & Leisure",Get up close and personal with adventure. How would you spend 48 hours in #Vegas with us? üëâ https://t.co/UTNnDa4aWU https://t.co/Ck556vBBUI,original,1,1,1,18,0,9/6/19,1,0,0,0
43702,Chemours,profit,454,49,Chemicals,"This #NationalInventorsMonth, we are recognizing @3dsystems for its innovative use of fluoropolymers to introduce the first scalable, fully integrated direct 3D production platform. Learn more about this brilliant invention: https://t.co/kq9ED5z26b https://t.co/IRm83NTloz",original,1,1,1,4,2,5/24/19,1,0,1,0
1575,Boeing,profit,28,57,Aerospace & Defense,Congratulations to @WarriorCanineCn on your new litter of service puppies. We are proud to support veterans nonprofits that help wounded warriors on their path to recovery.   Learn More: https://t.co/HSI0LpH9TG https://t.co/8k25sfA70j,original,0,1,1,130,30,7/1/19,1,0,1,0
24267,Las Vegas Sands,profit,230,56,"Hotels, Restaurants & Leisure",Calling all #LasVegas musicians! Want to be on the same stage as @kelly_clarkson at #SandsCares INSPIRE on 5/24? Send us ur demo video for a chance to open this year‚Äôs concert for #SandsCares Accelerator Program mem. @InspiringChldrn &amp; @NVHomelessYouth. Email: lvsc@sands.com https://t.co/XgbWBcr5oL,original,1,1,0,3,2,4/1/19,1,0,0,0
12885,International Paper,profit,133,57,Materials,"In collaboration with @RECYPartnership, we're helping to increase and sustain corrugated box recovery rates across the United States.  Last year, our combined work impacted 1,075 communities and saved 160 million pounds of recyclables from reaching the landfill! https://t.co/jU9m1asBq6",original,0,1,0,4,0,11/29/19,1,0,1,1
46007,L3 Technologies,profit,290,51,Aerospace & Defense,We're building a prototype ground antenna system for @DIU_x designed to improve communication with a growing number of @usairforce satellites. https://t.co/A1birRfXBv https://t.co/BNy5lSi4YV,original,0,1,1,8,0,5/30/19,1,0,0,0
22846,Principal Financial,profit,219,56,Financials,"The U.S. economy looks like it‚Äôs doing just fine. But dig below the headlines, and you‚Äôll find a tale of two economies. Read why our senior global economist thinks so in this week‚Äôs economic commentary. https://t.co/WQy9uf9Wnm https://t.co/Gkf9fXK1NF",original,0,1,1,5,0,7/30/19,1,0,0,1
4629,Lockheed Martin,profit,60,59,Aerospace & Defense,"For the sixth consecutive year, we've been named to the @RobecoSAM Dow Jones #Sustainability World Index. At Lockheed Martin, it's our mission to protect the environment, strengthen communities and propel responsible growth. https://t.co/T4UkYQJUOm #DJSI",original,1,0,1,50,7,9/23/19,1,0,0,0
8306,3M,profit,95,58,Industrials,"As the popularity of electric vehicles grows, how can we increase their range to drive further? Learn how transportation is evolving: https://t.co/GzzGLxkYnT #FutureOfMobility #zeroemissions #improvinglives https://t.co/6HeOTO17S9",original,1,1,1,31,10,9/27/19,1,0,1,0
1222,Home Depot,profit,27,57,Retailing,"Get up to 25% off select cookware during our 5 Days of Decor Savings. Today only, hurry while supplies last!",original,0,0,0,22,8,11/23/19,1,0,0,1
19111,Becton Dickinson,profit,195,60,Health Care,BD Synapsys #microbiology informatics solution brings seamless connectivity to clinical labs from anywhere at any time. Learn more at #ECCMID2019 booth 1.13 or https://t.co/HK69sQ9HkD https://t.co/wEYeaNx9pH,original,1,1,1,5,0,4/15/19,1,0,1,0
34611,Interpublic Group,profit,322,53,Business Services,"Tatiana Tacca, Director of Esports NA at @MomentumWW shares some tips on how new, non-endemic brands can succeed within the esports ecosystem. https://t.co/mq82Ay30KG",original,0,0,1,1,0,3/21/19,1,0,0,1
3661,United Parcel Service,profit,41,60,Transportation,"@JohnRSeydel John, we just announced our purchase of the largest-ever order of renewable natural gas in the U.S. Through this deal, UPS will become the largest single fleet using #RNG https://t.co/ayiOIBbp4D https://t.co/OI543vSAq5",original,1,1,1,2,0,5/22/19,1,0,1,0
13700,CenturyLink,profit,132,52,Telecommunications,"Get the details of new research conducted by @IDGWorld on the need for adaptive network technologies to address digital transformation challenges, the benefits and measured successes of those companies deploying adaptive networking and more: https://t.co/jkjZu7npbR https://t.co/dTCLPhDkEy",original,0,1,1,7,3,8/15/19,1,0,0,1
43716,Chemours,profit,454,49,Chemicals,"From becoming the first female commander of the International Space Station to advocating for #STEM education for girls, @AstroPeggy continues to inspire us all to reach for the stars. On #NationalSpaceDay, we celebrate her achievements in space exploration and #STEM üöÄ üõ∞Ô∏è üåé",original,1,0,0,2,0,5/3/19,1,0,1,0
44589,Franklin Resources,profit,467,54,Financials,Latest global macro views: learn about updates to proprietary ESG scores across 56 countries. https://t.co/tzYXUNiaIH,original,0,0,1,0,0,10/23/19,1,0,0,0
31235,IQVIA Holdings,profit,305,50,Health Care,Learn how to sustain launch success and discuss the ways companies launching #orphanmedicines can learn from mainstream launches at our upcoming #PPWebinar. Join the debate in 2 weeks with #IQVIA's Angela McFarlane and @pharmaphorum: https://t.co/NrE4Tf2BYS #rarediseases https://t.co/FSu0jv85Co,original,1,1,1,5,4,5/30/19,1,0,0,0
42444,Arthur J. Gallagher,profit,435,48,Financials,"Enjoy the morning with your family before you head over to Halsted Street for the Pride Parade. There will be live music, kids crafts, balloon artists, face painters, a juggler, baseball activities, giveaways and more. https://t.co/rL6eHA4eXC #lifeatgallagher #pride https://t.co/J1ZdgDUhoB",original,1,1,1,0,0,6/24/19,1,0,0,1
32173,Anthem,profit,33,56,Healthcare,"On #WorldCancerDay, we recognize that we can make healthcare simpler for those affected by cancer by empowering them with the resources they need to fight the battle, make a plan, and support others. We are Stronger Together ‚Üí https://t.co/Oe9FY7vhMt https://t.co/I9a2JNUSyf",original,1,1,1,8,2,2/4/19,1,1,1,0
44998,ABM Industries,profit,463,52,Business Services,"Chillers are an essential part of any building, but without proper maintenance, the costs of repairs can add up quickly. Can you afford the cost of a new chiller? Let us help you keep your chiller performing at its best. https://t.co/DI8W8MGyvN https://t.co/1WSMMCpVUK",original,0,1,1,1,1,7/26/19,1,0,0,0
8822,General Dynamics,profit,92,51,Aerospace & Defense,Learn how the HOOK3 radio increases confidence in search and rescue missions with enhanced features and new capabilities. #ASC19 #SAR  Learn more: https://t.co/j4QkCG91ly https://t.co/QNPaHggLjo,original,1,1,1,11,4,9/18/19,1,0,0,0
37308,Huntington Ingalls Industries,profit,371,46,Aerospace & Defense,"#TSDisHiring a #logistics support professional to join the CNAL Assessment Team, on-board aircraft carriers. The candidate will prepare databases for the assessments, build and break down assessment books and document equipment discrepancies. Apply: https://t.co/H1VkbYPOVL https://t.co/ia4AgO3si6",original,1,1,1,2,0,7/17/19,1,0,0,0
49258,Cisco Systems,profit,64,65,Technology,"Colombian president @IvanDuque visits Cisco to discuss how digital can drive social and economic impact for all Colombians. ""Cisco's CDA program will help redefine education and enable Colombia to be a leader in... the new digital economy."" - Cisco SVP @MichaelTimmeny https://t.co/tgvSzx25Tw",original,0,1,0,387,175,5/8/19,1,0,1,1
36108,Brighthouse Financial,profit,342,45,Financials,"‚ÄúIn nature, I am part of a much bigger sense of living, of being alive.‚Äù Dami hikes almost 500 miles a year, to help her connect with nature. Watch her story now ‚¨áÔ∏è https://t.co/PWC8Rn03ZE",original,0,1,0,2,1,4/24/19,1,0,0,0
17475,DaVita,profit,188,54,Health Care,"The New Year is a great time to reflect on ways to improve health. With a renewed focus on health in 2019, empower yourself to achieve your unique health goal following these simple strategies: https://t.co/pfQrNottcU https://t.co/nV2tYV8o7o",original,0,1,1,2,1,1/3/19,1,0,1,0
30903,American Family Insurance Group,profit,306,51,Financials,See how @JJWatt supports Robby‚Äôs dream of cleaner waterways in his community. https://t.co/ioLRS4n7er https://t.co/uHu3uokyQX,original,0,1,1,279,29,9/16/19,1,0,1,0
32934,Republic Services,profit,314,52,Business Services,Plastic bags can get caught in the machinery causing delays and damage to equipment. Never bag or bundle your recyclables. Items should be placed in the container individually. Learn more: https://t.co/W2hwalM9cU https://t.co/a9HtavEO2j,original,0,1,1,4,7,5/22/19,1,0,1,0
14405,Dollar Tree,profit,135,45,Retailing,"Drumroll, please... Our Featured Follower of the Week is @daniela_diaries! Check out our Instagram @dollartree to see what this TREE-rific follower created with products she found at Dollar Tree! https://t.co/vwYLLtMObw https://t.co/95QmdL35u7",original,0,1,1,10,3,2/8/19,1,0,0,0
51207,Merck,profit,76,63,Healthcare,Learn more about our latest advancement in #infectiousdiseases: https://t.co/ve2B4l07cu $MRK https://t.co/hHTnRFjIqr,original,1,1,1,26,12,7/17/19,1,0,0,0
48697,Lockheed Martin,profit,60,59,Aerospace & Defense,Get the latest scoop on the innovative projects our scientists and engineers are working on sent right to your email.,original,0,0,0,85,23,2/6/19,1,0,0,0
4375,Caterpillar,profit,58,56,Industrials,Read our Chairman &amp; CEO Jim Umpleby's full remarks from our recently released Annual Report: https://t.co/MTrWHl38Ws,original,0,0,1,38,5,5/15/19,1,0,0,0
48481,Centene,profit,51,51,Healthcare,"Interested in a fast-paced, innovation-driven work environment? Centene‚Äôs Information Technology team is #hiring! https://t.co/jrHtv0tlVZ https://t.co/kz43N0MGI2",original,1,1,1,2,0,5/1/19,1,0,0,0
7842,ConocoPhillips,profit,86,55,Energy,Tonight is the last Big + Bright Friday Night of the @astros regular season. Join us for a Tejano-themed celebration after we cheer on the 'Stros to #TakeItBack! Our thanks to #ConocoPhillips employees for the great shots from the field and the stands. https://t.co/JgmhjEF3WE,original,1,1,0,6,1,9/20/19,1,0,0,0
47466,NetApp,profit,483,53,Technology,Be the difference. Become a change agent and lead the charge to make your enterprise a data thriver. #HCI #NetAppHCI https://t.co/OOk7tbGXlM,original,1,0,1,6,1,2/6/19,1,0,0,0
37325,Huntington Ingalls Industries,profit,371,46,Aerospace & Defense,"#TSDisHiring a Software Architect to work at the @usairforce Research Laboratory (AFRL) Information Directorate in Rome, NY. Read more about the preferred quals and apply: https://t.co/jzKDRsyWRt. #MDISjobs #softwarearchitect https://t.co/dQhlXExIxS",original,1,1,1,0,0,6/6/19,1,0,0,0
28472,Lam Research,profit,287,54,Technology,"By controlling the size of #quantum dots, researchers at @UniOulu were able to fine tune how they react to different colors. @physorg_com shares why this discovery could revolutionize healthcare &amp; sensing #technology: https://t.co/zw9zTCKdtc https://t.co/9iw5oJQp0p",original,1,1,1,4,0,11/1/19,1,0,1,0
30247,AES,profit,296,54,Energy,"We‚Äôre improving lives in #Chile. Together with the Minister of National Assets, the Tocopilla City Hall, the Province Governor and other community members, the @AESGener Foundation recently opened a public green space for families. https://t.co/kZVB82vkgh",original,1,1,0,21,6,3/8/19,1,0,1,0
42053,Alleghany,profit,437,46,Financials,"Due to inclement weather, pools in Boyce, North, Settlers Cabin, and South parks are closing for the day at 3:30 pm on Thursday, June 20.  They will reopen at 11:30 am on Friday, June 21, weather and conditions permitting. https://t.co/JWZTWOAYi6",original,0,1,0,2,0,6/20/19,1,0,0,1
34872,Adobe,profit,339,59,Technology,"We stand with pregnant and parenting employees and urge Congress to pass the Pregnant Workers Fairness Act, an important step toward ensuring the health, safety, and productivity of our modern workforce. Learn more: https://t.co/IlcqtjtxyO #PWFA #PregnantAtWork https://t.co/x4d3xHcC50",original,1,1,1,44,11,5/14/19,1,0,1,0
40111,Newmont Goldcorp,profit,419,54,Energy,Today we recognize #EarthDay2019 with a reminder of Newmont Goldcorp‚Äôs commitment to sustainability. #NewmontGoldcorp https://t.co/IZpUp4eBBA,original,1,1,0,26,11,4/22/19,1,0,1,0
43485,Seaboard,profit,455,46,"Food, Beverages & Tobacco","Prairie Fresh customer Plowboys BBQ has award-winning barbecue cooked low and slow. Thank you, Plowboys and Denver BBQ Festival, for showing Prairie Fresh ribs and explaining that the June festival will be a ‚Äúmeat... https://t.co/zqhb4xri0I",original,0,0,1,0,0,4/19/19,1,0,0,0
40659,Dover,profit,412,48,Industrials,"Radio frequency friendly manhole covers by @FibreliteC, part of Dover‚Äôs @opwglobal provide support for mining and telecoms data transfer between antennas underground and aboveground. https://t.co/oK1hIHEtr1 https://t.co/V0zXqglx0T",original,0,1,1,5,1,11/14/19,1,0,0,1
6357,Morgan Stanley,profit,63,58,Financials,.@tryFivetoNine is a startup building software solutions that empower HR teams to engage employees more effectively. Learn more about the #MCIL: https://t.co/sxPCjZKZNO https://t.co/aBkZeeOgeS,original,1,1,1,15,2,8/2/19,1,0,0,0
15589,Lennar,profit,154,44,Engineering & Construction,Does this black and WHITE decor feel just RIGHT?! #decor  https://t.co/emrJ1Km4eC https://t.co/KhyJzls2pH,original,1,1,1,9,2,6/22/19,1,0,0,0
9344,Travelers,profit,106,54,Financials,"Each day nine people are killed by #distracteddriving, their stories left unfinished. In their honor, we imagined their #UnfinishedStories. Today at @MassGeneralNews, the Travelers Institute screened ‚ÄúThe Tree House‚Äù, Howard‚Äôs unfinished story. #EverySecondMatters https://t.co/zF5A0ea4Be",original,1,1,0,28,18,5/31/19,1,0,0,0
30438,Molson Coors Brewing,profit,294,56,"Food, Beverages & Tobacco","Hey Milwaukee! Here's your chance to experience an exclusive underground dining experience in the Historic Miller Valley Caves on Nov. 4. Experience a 4-course dinner with unique beer pairings in the hand-dug caves, which date back to 1849.  https://t.co/A3AxoCRZPr",original,0,0,1,6,2,10/19/19,1,0,0,0
26060,CSX,profit,260,57,Transportation,"$CSX appoints Adam Longson as VP of Energy. He joins CSX as a seasoned leader with expertise in energy and transportation analytics and will be responsible for our export and domestic utility coal, liquefied petroleum gas and crude oil businesses. https://t.co/DYI6whoAMW https://t.co/JU3akl4cBF",original,0,1,1,10,4,8/27/19,1,0,0,0
26829,FirstEnergy,profit,263,52,Energy,"We're pleased to once again sponsor the @GoTransAm and Muscle Car Challenge races, an event that draws thousands of spectators and drivers from all over the country. We're proud to be part of an event that so many in our region look forward to every year! #GoTransAm https://t.co/EHd7OAL2hd",original,1,1,0,8,0,8/9/19,1,0,0,0
13460,Gilead Sciences,profit,139,60,Health Care,"We‚Äôre excited to be at #ACR19 to support @ACRheum &amp; @RheumResearch. Bill Guyer, Senior Vice President and Head of Medical Affairs, represented Gilead at the opening plenary to accept recognition of our principle sponsorship. https://t.co/czIl8VLTJo",original,1,1,0,8,2,11/11/19,1,0,0,0
31674,IBM,profit,38,61,Technology,"‚ö°Ô∏è Yesterday, CEO Ginni Rometty took the main stage.    ‚¨áÔ∏è Click below and swipe to explore a recap of the chairman's address and for what's coming next.  https://t.co/KNfsvLM5GS",original,0,0,1,222,50,2/13/19,1,0,0,0
46304,Robert Half International,profit,490,52,Business Services,"#Automation is sweeping across the corporate landscape, with many companies expecting to use #RPA in most or all of their functions within 2 years.   Here's what you need to know: https://t.co/f3FlDpcBz8 via @cfo https://t.co/vtEa8sVjxB",original,1,1,1,0,0,5/8/19,1,0,1,0
45113,M&T Bank Corp.,profit,462,47,Financials,"Tis‚Äô the season for giving back! Our team in Waynesboro, #PA worked alongside Waynesboro Community and Human Services to prepare and deliver 50 backpacks full of food and goods to students in need throughout @wasdpa. https://t.co/qO1ahroyde",original,1,1,0,1,0,12/6/19,1,0,1,0
21278,General Electric,profit,21,58,Industrials,"üåà These colorful wires aren't here to just look pretty, they're hooked up to thousands of sensors on our gas turbine. They all lead to these panels here, where we can easily take the data off and send it to the nerve center upstairs to be analyzed. https://t.co/7zzOE6QeeL",original,0,1,0,59,7,9/12/19,1,0,0,1
28498,Lam Research,profit,287,54,Technology,"Through the ‚ÄúInspire.Together‚Äù grant program at #LamResearch, employees can create positive change in their communities. @wildsalmoncntr shares how our own Dan Brack was inspired to protect the salmon habitats of Oregon‚Äôs north coast: https://t.co/0W8gvueSjN https://t.co/6f5FGUUOvt",original,1,1,1,0,0,10/23/19,1,1,1,0
37843,UGI,profit,400,48,Energy,"‚õà‚õà Outage Preparedness Tip: Use electrical surge protectors/suppressors on electronic equipment. Electronics should be plugged into separate, grounded circuits. And remember, just because it's a power strip doesn't necessarily mean it's a surge protector. #BePrepared https://t.co/WlLDK26kHX",original,1,1,0,0,0,12/18/19,1,0,0,0
2689,Dell Technologies,profit,34,60,Technology,"Being a boss isn't just about power, it's about using it to enable others. Thanks for inspiring our best work. #NationalBossesDay https://t.co/TU5CDGGVRw https://t.co/1kjFnVkpEE",original,1,1,1,24,7,10/16/19,1,0,1,0
6291,Morgan Stanley,profit,63,58,Financials,"Catch a glimpse of actors, financiers, musicians, philanthropists and other figures from transatlantic high society in the early 20th century. We‚Äôre proud to support John Singer Sargent: Portraits in Charcoal, opening today at @TheMorgan. https://t.co/ukgAInDoqg #MSandtheArts https://t.co/Mf8R9e6n0B",original,1,1,1,8,2,10/4/19,1,0,0,0
35139,AGCO,profit,335,53,Industrials,".@Machineryeditor interviewed #AGCOcorp‚Äôs Darren Goebel, @Agronomist_IN, on how @Precisionplant's DeltaForce¬Æ automatic down pressure feature could improve the accuracy of seed placement. Learn more about this #smartfarming asset in https://t.co/PxmjFylQRI #FuseTech https://t.co/dNVlSmjEBJ",original,1,1,1,28,8,4/26/19,1,0,0,0
35960,Air Products & Chemical,profit,344,54,Chemicals,"Yesterday, we welcomed state officials from the Dept. of Community &amp; Economic Development (DCED) to visit the site of our new global headquarters &amp; our #hydrogen fueling station. We're excited for the future and thank @DCEDSecretary, Neil Weaver &amp; Michael Gerber for their visit. https://t.co/deGxehoF3u",original,1,1,0,6,2,10/11/19,1,0,1,0
24097,Land O'Lakes,profit,212,46,"Food, Beverages & Tobacco","How farmer-retailers at Martig Farms Inc. are boosting profits in an increasingly high-tech, data-driven landscape: https://t.co/sQ1xSgpxzn",original,0,0,1,4,1,5/15/19,1,0,1,0
11125,Raytheon,profit,114,60,Aerospace & Defense,A mature seeker design allows the AMRAAM air-to-air missile to quickly find targets in the most challenging combat environments. Learn more about this proven #airdominance missile: https://t.co/hBEfdPw5KI https://t.co/PgBI7WMOrn,original,1,1,1,36,14,2/8/19,1,0,0,1
26601,MGM Resorts International,profit,266,51,"Hotels, Restaurants & Leisure",#LaborDayWeekend is about to be üî•! Don't miss your last chance to party with us @jemaalv this season. https://t.co/B5J0UKnvw5 https://t.co/5g1jqCv9Hf,original,1,1,1,6,1,8/31/19,1,0,0,0
7686,Tech Data,profit,88,49,Wholesalers,We never stop connecting the world with the power of technology! Register now for our #ChannelConnectionsCostaRica 2019. Click on the following link &amp; follow the steps:  https://t.co/oTcP7XI954 https://t.co/ZVsIjAcuuS,original,1,1,1,2,0,10/1/19,1,0,1,0
2659,Dell Technologies,profit,34,60,Technology,"‚ÄúConsumers demand a reason to get behind a brand. When you can make that connection for your business, the power is untouchable.‚Äù - Megan Runser on experiential marketing at last week‚Äôs #DF19 #DellSmallBiz #AmexBusiness https://t.co/moCeiwqEot",original,1,1,0,25,8,11/25/19,1,0,0,0
40449,Motorola Solutions,profit,416,58,Technology,"During the Young Professionals Group‚Äôs quarterly earnings call event today, #MotorolaSolutions Chairman and CEO Greg Brown discussed our first-quarter 2019 performance with employees: https://t.co/5XAxvZ8rrS #MotoSolutionsLife https://t.co/goYr4eVvgF",original,1,1,1,4,0,5/3/19,1,0,0,0
3025,FedEx,profit,47,55,Transportation,"‚ÄòTis the season of friendly faces waving at you around every bend, even the snow-covered ones. ‚ùÑÔ∏è Wishing you a safe and joyful holiday season! https://t.co/8tudEUch7Q",original,0,1,0,113,19,12/24/19,1,0,0,1
21076,Home Depot,profit,27,57,Retailing,Get fast and free delivery on today‚Äôs Special Buy on select Arm &amp; Hammer air filters! https://t.co/ESWBg76yqh https://t.co/iLD6v3paUi,original,0,1,1,13,5,3/28/19,1,0,0,0
14891,ManpowerGroup,profit,141,57,Business Services,We are honored to be recognized by the @WisLGBTChamber for our commitment to building a more diverse and inclusive business community!  https://t.co/a4Yp2mNeyd https://t.co/RGHSfWRDIW,original,0,1,1,7,3,9/26/19,1,0,1,0
43177,Blackstone Group,profit,442,44,Financials,"Last week, OUT Blackstone, $BX's LGBT+ affinity network, celebrated National Coming Out Day with @sculptorcm, @twosigma, @PIMCO, @KKR_Co, and @apolloglobal #NationalComingOutDay https://t.co/dYYyfdQJx4",original,1,1,0,9,3,10/18/19,1,0,1,0
4719,Lockheed Martin,profit,60,59,Aerospace & Defense,@windtalker609 Want to see inside our concept of how people will live at the Moon? Join our Facebook LIVE today (April 9) at 5 PM ET. https://t.co/4OQOyDWhzE,original,0,0,1,0,0,4/9/19,1,0,1,0
34530,Interpublic Group,profit,322,53,Business Services,.@GOLINglobal Hong Kong wins the regional social media brief for insurance giant AIA. https://t.co/DgP1RSYlV0,original,0,0,1,3,1,6/12/19,1,0,0,0
44371,Intercontinental Exchange,profit,469,54,Financials,(1/2)   @EIAgov latest Short-Term  Energy Outlook calling for 1.1 million b/d oil demand growth in ‚Äô19 and 1.4m in ‚Äô20. ‚ÄúMore than half of the 2019 non-OECD consumption growth is in China‚Äù,original,0,0,0,0,0,7/15/19,1,0,0,1
25334,Estee Lauder,profit,231,58,Household Products,"This #MothersDay, make it personal! üíïGive mom a gift that‚Äôs uniquely hers with custom engraving on a selection of our #PureColorEnvy Lipsticks, perfume bottles and more. Shop engraved gifts in time for Mother‚Äôs Day: https://t.co/83mtMFCbPk #LoveBreaksAllRules #LipsToEnvy https://t.co/N55lDWhmwC",original,1,1,1,40,3,4/16/19,1,0,0,1
14780,Lear,profit,147,51,Motor Vehicles & Parts,"For the second consecutive year, Lear Poland has been named a Top Employer by @topemployer Institute for our exceptional HR efforts. #topemployers2019 https://t.co/7KuBfyIiFe",original,1,1,0,10,3,2/1/19,1,0,0,0
27154,Corning,profit,279,53,Industrials,Corning reports second-quarter 2019 financial results with year-over-year growth across all businesses: https://t.co/Lu1yW9f90a,original,0,0,1,5,0,7/30/19,1,0,1,0
34132,Public Service Enterprise Group,profit,323,59,Energy,"The Residential Efficient Products prgm in our #NJCleanEnergyFuture filing would allow cust 2 buy+install ENERGY STAR+other high efficiency elec+gas appliances+equip thru various measures such as online sales, in-store rebates+reduced point of sale costs. https://t.co/ECcHNpDp9D https://t.co/pNfrvDOuji",original,1,1,1,1,0,7/20/19,1,0,1,1
42459,Arthur J. Gallagher,profit,435,48,Financials,Gallagher‚Äôs Jackie Collins shares the importance of keeping your insurance broker in mind when considering eco-friendly updates. https://t.co/rtIoT7bOaA https://t.co/caqE3pWTeS,original,0,1,1,1,0,5/14/19,1,0,0,0
16843,Kimberly-Clark,profit,171,58,Household Products,"Today is International Day of Women and Girls in Science, and this year, we share the power of mentoring with a story from Kimberly-Clark scientist, Adrienne Lloyd (and multiple patent holder). The support of mentors can make all the difference! #womeninscience https://t.co/jDT6AIB3Z7",original,1,1,0,14,1,2/11/19,1,0,1,0
24655,United States Steel,profit,222,43,Materials,We are encouraged by the #BuyAmerican executive action and the positive impact it will have. U. S. Steel is proud to produce steel from start to finish in our facilities across America. We appreciate the Administration‚Äôs continued commitment to economic and national security. https://t.co/SEQYVrKwO8,original,1,1,0,17,13,2/1/19,1,0,1,1
38555,Weyerhaeuser,profit,406,57,Materials,We believe forests are the most sustainable and versatile resource on Earth. Learn how we manage this remarkable renewable resource at https://t.co/uOQ4UPD0OW #forestproud #ittakesaforest https://t.co/jNlSuRXFts,original,1,1,1,32,10,12/10/19,1,1,1,0
39163,United Parcel Service,profit,41,60,Transportation,"@AustinJahner Austin, are you interested in getting your #smallbusiness to go global? Our new Worldwide Economy service has the flexibility, visibility and affordability to turn your business into a micro-multinational. Have any questions? https://t.co/edsSMR7Qo0 https://t.co/jmqaTeg1OT",original,1,1,1,1,0,8/6/19,1,0,0,0
27868,L3 Technologies,profit,290,51,Aerospace & Defense,"#HarrisCorp has delivered over 1 million infrastructure components to the #F35 - that includes more than 1,600 components to each #aircraft.   Learn more here: https://t.co/jx6qQKlUhE",original,1,0,1,14,4,5/30/19,1,0,0,0
40352,Motorola Solutions,profit,416,58,Technology,"For greater control of #mining operations in the field or underground, #MotorolaSolutions' latest communications technology provides instant access to critical information. Unearth how to boost performance and more efficiently use valuable resources: https://t.co/2zWOzRjFOz https://t.co/nO4rrVarS1",original,1,1,1,2,4,8/26/19,1,0,1,1
49168,Cisco Systems,profit,64,65,Technology,#IntentBasedNetworking is seamless in providing security and services for your network across multiple domains. Learn more: https://t.co/OzV3ZlfQJD https://t.co/zs0y7H3H8N,original,1,1,1,44,14,9/15/19,1,0,0,0
24375,Stanley Black & Decker,profit,228,55,Household Products,Tune in live to the @EnvisionVirgin New York City Innovation Summit this Friday to hear leaders talk about the role of businesses in accelerating the response to the climate crisis: https://t.co/33n4VDQUld #acceleratingchange #NYCEPrix #ABBFormulaE https://t.co/cushs9DxVT,original,1,1,1,5,2,7/10/19,1,0,1,0
8618,Exelon,profit,93,61,Energy,"Congrats to Erica Tsypin, an entrepreneur named in the energy category of the @Forbes Under 30 List for 2020. Erika is a cofounder of Steer, an Exelon venture that is accelerating the adoption of electric vehicles through month-to-month subscriptions. https://t.co/CSKQbrALTG",original,0,0,1,17,4,12/5/19,1,0,1,0
48604,Lockheed Martin,profit,60,59,Aerospace & Defense,"#ICYMI: F-16s from @theSCANG flew with the @FuerzaAereaCol during exercise Rel√°mpago IV in Rionegro, Colombia, demonstrating trust &amp; interoperability between the two air forces.  üì∏: Staff Sgt. Megan Floyd https://t.co/qoUJrc50Ey",original,1,1,0,118,16,8/2/19,1,0,0,1
48549,Lockheed Martin,profit,60,59,Aerospace & Defense,#DYK that #FossilFriday is a thing!? Our recent partnership with the @PerotMuseum has taught us many new things about fossils and our ancient relatives. Read up on how scientists are using data from our CT-scanner to answer burning questions.,original,1,0,0,67,9,10/25/19,1,0,1,0
23089,Parker-Hannifin,profit,218,53,Industrials,Parker know-how is helping aircraft fly safer and more efficiently: https://t.co/UdwI6F6o6u Visit the web page. #ThisIsParker #Aerospace https://t.co/8gF9DIzuHQ,original,1,1,1,2,1,9/10/19,1,0,1,0
6822,Pfizer,profit,61,57,Healthcare,"Meet Kelly Knee, Sickle Cell Researcher at Pfizer. Kelly says the most important part of her job is working towards making patients‚Äô lives better. ‚ÄúWhat I would say to patients is: Keep talking to us. We are really interested in what you have to say.‚Äù https://t.co/XBiEwUjKPx",original,0,0,1,13,3,4/2/19,1,0,1,0
44006,Rockwell Automation,profit,452,57,Industrials,#MachineLearning is expanding possibility in #cement production. Learn how improved maintenance &amp; decreased energy consumption helps producers gain a competitive edge.  https://t.co/rseSTUmGNk https://t.co/vuauzBvfC7,original,1,1,1,6,4,6/17/19,1,0,1,0
47246,ON Semiconductor,profit,485,53,Technology,"Discover our whitepaper covering DC Motor Driver Fundamentals with a focus on  two basic types of DC motors: brushed and brushless, with subsets of each. https://t.co/BHsTfNxSFm https://t.co/XfGExEnch1",original,0,1,1,5,1,1/29/19,1,0,0,0
16779,Kimberly-Clark,profit,171,58,Household Products,"Over half of all diaper bank programs in the U.S. rely entirely on volunteers. Participants at the @VizientInc Connections Education Summit in #LasVegas joined in a volunteer event to repack a donation of 10,000 @Huggies diapers for HELP of Southern Nevada Diaper Bank. https://t.co/bzvwS9KFxC",original,1,1,0,12,2,9/25/19,1,0,1,0
23238,Parker-Hannifin,profit,218,53,Industrials,"Want to optimize efficiency &amp; reduce operating costs? Follow @ParkerFilters for the latest filtration, condition monitoring and gas separation product innovations and practical engineering advice! https://t.co/hzWX7FBy5x",original,0,1,0,1,1,6/19/19,1,0,0,1
19661,Jacobs Engineering Group,profit,208,54,Engineering & Construction,"Hey space fans, don‚Äôt forget to stop by Cocoa Beach at the Astronaut Parade &amp; Street Fest! Comment ‚§µÔ∏è a photo of you at our tent! #Apollo50th https://t.co/3L7XA76MkZ",original,1,1,0,11,4,7/13/19,1,0,0,1
9558,Micron Technology,profit,105,52,Technology,"""I‚Äôm excited by the opportunity and the ability that Micron has to act, to improve and to have an outsized impact."" Our director of sustainability Marshall Chase introducing Micron's 2019 Sustainability Report: https://t.co/jRT4ZakAbW",original,0,0,1,4,1,4/28/19,1,0,1,1
44392,Intercontinental Exchange,profit,469,54,Financials,Momentum is building in our Italian Power market with participants contributing to new daily and monthly volume records in June. https://t.co/o9g4pw0mkp,original,0,1,0,6,4,6/13/19,1,0,0,0
39347,United Parcel Service,profit,41,60,Transportation,"@BethSEGreen We just announced our purchase of the largest-ever order of renewable natural gas in the U.S. Through this deal, UPS will become the largest single fleet using #RNG. Learn more: https://t.co/PwesLunbfh https://t.co/XV94ANUjNz",original,1,1,1,1,1,5/22/19,1,0,1,0
8792,Exelon,profit,93,61,Energy,2018 was another record-breaking year for Exelon with our utility and generation employees delivering all-time best performances in multiple categories. #ExelonEarnings https://t.co/bvvWuPdr5L,original,1,1,0,24,4,2/8/19,1,0,1,0
8188,CHS,profit,97,41,"Food, Beverages & Tobacco","What are the latest factors influencing global soybean trade flow, supply and price trends? Having an insightful dialogue to help growers optimize for the future. #CHSWithPurpose",original,1,0,0,0,0,12/5/19,1,0,1,0
31100,IQVIA Holdings,profit,305,50,Health Care,"We believe that advances in machine learning (#ML), artificial intelligence (#AI), and #bigdata analytics will help push progress in Alzheimer‚Äôs disease research: https://t.co/Zz0KkTObz7 #WorldAlzDay #ENDALZ #LetsTalkAboutDementia https://t.co/0k1AxJ3vUK",original,1,1,1,14,8,9/17/19,1,0,1,1
380,Exxon Mobil,profit,2,47,Energy,Our VP of R&amp;D Vijay Swarup spoke with @AmyAHarder @axios #AspenIdeas this morning about the role carbon capture and storage plays in helping to lower emissions. https://t.co/Y4vLpJ6tgV,original,1,1,0,56,16,6/28/19,1,0,1,0
49685,Goldman Sachs Group,profit,62,55,Financials,"""The way I look at it, if you want to take the biggest view, is are we in the run-up to World War I or are we in the run-up to the nuclear arms race with the Soviets?"" @ClimateOpp on the climate change threat: https://t.co/dDGqpJJ4JZ #TalksAtGS https://t.co/4EQGoX4V3S",original,1,1,1,18,6,5/18/19,1,0,0,0
2903,Citigroup,profit,30,61,Financials,"We‚Äôre proud to again earn a place in @MilitaryTimes' Best for Vets Employers ranking, highlighting #Citi‚Äôs commitment to fostering a supportive environment for veterans and helping ensure they have the opportunity to succeed. https://t.co/aVK7md7GlY",original,1,0,1,11,2,5/7/19,1,0,1,1
13325,Southern,profit,131,56,Energy,"In July, a heat wave and storms led to wide spread power outages in NY and NJ. Through it all, 202 Home Depot stores in NY remained open thanks to the always-on power provided by @Bloom_Energy Servers and sophisticated microgrids from @PowerSecureInc. https://t.co/Ogv381EmE7 https://t.co/PuAgGaTNSc",original,0,1,1,21,7,8/6/19,1,0,0,0
28278,Entergy,profit,288,57,Energy,"Having a family emergency plan and a kit of the basic supplies you‚Äôll need in an emergency is the best way to be prepared for severe weather. Entergy has plans in place for how we'll react to severe weather. We urge our customers to have a plan, too. https://t.co/aGsd6lh4G2 https://t.co/LlU8OTieS3",original,0,1,1,3,1,6/7/19,1,0,0,0
27206,Corning,profit,279,53,Industrials,"‚ÄúFor the second quarter, we expect sales to grow high-single digits year over year, driven by strong data center, fiber, and cable growth.‚Äù   ‚Äì Tony Tripeny, Executive Vice President and CFO",original,0,0,0,3,0,4/30/19,1,0,0,0
34846,Adobe,profit,339,59,Technology,Photographer @philngyn's artful approach to capturing all corners of our planet is refreshing &amp; inspiring. View the world from his lens: https://t.co/bUHgKzqJAG https://t.co/aSOUtMyi6c,original,0,1,1,282,41,6/29/19,1,0,1,0
945,Verizon Communications,profit,19,59,Telecommunications,#HurricaneDorian2019 is on the way and our teams are ready. Now is the time to make sure you know your weather plan so that you and your family are prepared. https://t.co/bgJmgbzZfb https://t.co/OUUQItU4I2,original,1,1,1,27,10,8/30/19,1,0,0,0
35703,Williams,profit,348,50,Energy,"In case you missed it, @GatherTulsa was recently recognized as one of @TIME‚Äôs ‚ÄúWorld‚Äôs Greatest Places‚Äù! We are so excited to see Tulsa gain national recognition and proud to be one of the park‚Äôs leading funders. https://t.co/dtfK3xNz4F https://t.co/gtFDQHm7fI",original,0,1,1,3,1,8/26/19,1,0,0,0
49202,Cisco Systems,profit,64,65,Technology,This week we learned about disaster recovery plans and we saw why location doesn't matter with the Catalyst 9000! Learn about this and more in this week in review. https://t.co/8oPSSBdFMm https://t.co/KjPF2Zwdbe,original,0,1,1,24,5,8/9/19,1,0,0,0
12625,Duke Energy,profit,126,54,Energy,Concerned about possible environmental violations @DukeEnergy facilities? Report anonymously 24/7 at 855.355.7042 or https://t.co/20AP9w50EQ,original,0,0,1,6,1,12/18/19,1,0,0,0
21751,DTE Energy,profit,220,54,Energy,"STORM UPDATE: Thursday, November 28    As of 6:00 a.m. on Thursday, November 28, DTE Energy has restored power to more than 77% of the 106,000 customers who continued to be impacted through midnight Wednesday by the turbulent weather that hit SE Michigan yesterday.",original,0,0,0,6,1,11/28/19,1,0,0,0
48857,Sysco,profit,54,56,Wholesalers,Hear Tom Ben√© at #MIGlobal discussing the steps that Sysco is taking to become more environmentally conscious in various aspects of the business. https://t.co/JnSJsdmZtf #DeliveringABetterTomorrow https://t.co/90yBK0QGK9,original,1,1,1,16,0,6/3/19,1,0,1,1
24284,Las Vegas Sands,profit,230,56,"Hotels, Restaurants & Leisure","‚ÄúThe high rate of youth homelessness and the dire need for housing in Southern Nevada was distressing to us,‚Äù said Jon Bon Jovi, chairman of @JBJSoulFound. Learn more about our partnership with @NVHomelessYouth and our mission to end youth homelessness: https://t.co/PbVZYbTvpC",original,0,0,1,11,5,2/21/19,1,1,0,0
41908,Alleghany,profit,437,46,Financials,Pittsburgh: Vehicle over a hillside - Shelly Street is closed at Carnahan Road. No injuries reported at this time.,original,0,0,0,1,1,7/25/19,1,0,0,0
28634,Lam Research,profit,287,54,Technology,"We‚Äôre committed to #sustainability and making a positive impact in the communities in which we operate. From butterfly conservation to clean up efforts, learn more about our focus on preservation via the #LamResearch blog! #LamLife https://t.co/dqxmOzGlqL https://t.co/2riErv8hbT",original,1,1,1,4,0,8/19/19,1,1,1,1
27708,Ball,profit,271,56,Materials,"Excited to participate in this year's @PlasticFreeExpo, June 27-28, in Frankfurt! Marcel Arsand, sustainability manager UK &amp; Nordics, will keynote a Day 1 session on the #circularity of #aluminum beverage cans. Also stop by to see us at Stand 24. #InfinitelyRecyclable",original,1,0,0,7,3,6/25/19,1,0,0,0
52762,General Dynamics,profit,92,51,Aerospace & Defense,"Our #BluefinRobotics team is excited to share our family of unmanned underwater vehicles, including our newly released Bluefin-12, this week at @Pacific2019Expo! Learn more: https://t.co/NIRU0gb0uY https://t.co/L6YQW7Pz8z",original,1,1,1,16,4,10/8/19,1,0,0,1
4909,Sysco,profit,54,56,Wholesalers,".@KarynSchoenbart shared her book, Mom.B.A., with us, which includes pragmatic tips on how to be successful as a global business leader. Thank you for visiting and sharing valuable #leadership and #careeradvice with our Houston associates! https://t.co/cd8CWygnDw",original,1,1,0,14,4,6/6/19,1,0,0,1
22320,DTE Energy,profit,220,54,Energy,"With outages spanning DTE service territory of more than 7,000 square miles, nearly 2,000 employees are in the field today working to restore power. https://t.co/UEShJDtDcr https://t.co/niE2glzaXU",original,0,1,1,14,4,7/22/19,1,0,0,0
36073,Voya Financial,profit,343,56,Financials,We‚Äôre honored to be recognized by @DisabilityIN and @AAPD as a Disability Equality Index Best Place to Work for a second year in a row and will continue to advance our commitment to supporting individuals with special needs and their caregivers. #DEI #InForInclusion #VoyaCares https://t.co/mvjM4fY4MM,original,1,1,0,7,2,7/17/19,1,0,1,0
35097,AGCO,profit,335,53,Industrials,We're proud to partner with the forward-thinking innovators at the College of ACES at the University of Illinois. See what lies ahead for these sharp agriculture students!  https://t.co/iVrmdRMl9C,original,0,0,1,10,3,9/20/19,1,0,0,0
22329,DTE Energy,profit,220,54,Energy,Know what to do when mother nature strikes? #StormSafetyTip 1: Understand the types of weather events you may experience in your area. Learn more weather safety tips: https://t.co/g9K0EXPy0D,original,1,0,1,2,1,7/21/19,1,0,0,0
42382,Arthur J. Gallagher,profit,435,48,Financials,"IBIS Academy, Gallagher's global benefits, HR, &amp; mobility conference, comes to Geneva, Switzerland on May 11-15, 2020.  Gain exclusive insights from global industry experts and thought leaders. Learn more at https://t.co/gF9gJs6n71 or register today https://t.co/4d05Kn48ws https://t.co/DlztLC58Ag",original,0,1,1,0,0,12/11/19,1,0,0,0
40182,American Axle & Manufacturing,profit,418,49,Motor Vehicles & Parts,#TeamAAM was recognized as a top-performing global supplier at the 21st annual @Ford World Excellence Awards. AAM was presented with the Sustainability Award. Get the full story here: https://t.co/pIjD2WHdP9 https://t.co/0jw28jjvAy,original,1,1,1,12,1,5/30/19,1,0,0,1
19729,Jacobs Engineering Group,profit,208,54,Engineering & Construction,Prevention is less costly than mitigation  https://t.co/CHUL1MRN8q How online water quality monitoring system can help in the fight against water-borne pathogens #WhatIf https://t.co/Jx3mVYKfCZ,original,1,1,1,2,2,6/12/19,1,0,0,0
3253,United Parcel Service,profit,41,60,Transportation,@kavehwaddell Our #UPSdrones are making #aviation history! We just announced that UPS Flight Forward is the @FAANews's first fully approved drone airline. Find out what this means for our customers below We'd love if you could share this exciting news: https://t.co/YOJd25lU1j https://t.co/o50bEPB0L0,original,1,1,1,0,0,10/2/19,1,0,1,0
10503,Chevron,profit,11,48,Energy,"""with our leading technology, experienced workforce and broad portfolio, we're delivering value in the gulf of mexico.""  ‚Äì steve green, president of chevron north america exploration &amp; production   find out how: https://t.co/0EKx1ZnTyz  via @houstonchron https://t.co/rtidnr1Cmq",original,0,1,1,72,32,10/7/19,1,0,0,0
50645,Pfizer,profit,61,57,Healthcare,"#ProstateCancerAwarenessMonth may be wrapping up, but you can find additional resources on advanced #prostatecancer to help support patient-physician conversations year-round here:",original,1,0,0,19,7,9/30/19,1,0,0,0
10354,JP Morgan Chase,profit,18,59,Financials,"‚ÄúSay to yourself: There's nothing I can't do, here's how I'm going to get there.‚Äù @condoleezzarice shares advice on overcoming obstacles and achieving your goals. #powerHER https://t.co/h9toN9pHoR",original,1,1,0,594,147,10/7/19,1,0,1,1
27563,Unum Group,profit,273,54,Financials,"New research spotlights prevalence, stigma, and best practices for protecting mental health in the workplace https://t.co/0wHRrDY6tA #MentalHealth",original,1,0,1,1,11,4/10/19,1,0,1,0
5084,Energy Transfer,profit,59,36,Energy,"""Pipelines replace more carbon-intensive transport methods, meaning that they are the greenest way to move enormous volumes of energy supplies like natural gas, propane, and gasoline.""  #pipelines #oilandgas #energy #fuel #emissions #clearnAir #gasoline  https://t.co/SHwaziF9E0",original,1,0,1,5,2,1/19/19,1,0,1,1
3272,United Parcel Service,profit,41,60,Transportation,"@MattSchroyer Matt, will drones change the future of delivery? Learn how UPS Flight Forward is aiming to do just that, after becoming the @FAANews's first fully approved drone airline. Our #UPSdrones are making history: https://t.co/YOJd25lU1j https://t.co/jNMurHcVlA",original,1,1,1,0,0,10/1/19,1,0,0,0
28274,Entergy,profit,288,57,Energy,"After a storm, have you wondered why the sun is shining but your power is still out? Entergy employee Desi Hunter explains why. For more info about how we restore: https://t.co/oJP1nLH0tc https://t.co/wCXQSirtbZ",original,0,1,1,4,0,6/19/19,1,0,0,0
13905,Jabil,profit,140,54,Technology,"Compared to legacy processes, we have found that many 3D-printed jigs, fixtures and tooling components can save hundreds or even thousands of dollars. A recent survey within one of our plants showed savings of $1,500 to $2,500 on average.  https://t.co/SbrN4Zovww  #3Dprinting",original,1,0,1,3,0,10/1/19,1,0,0,1
39706,Freddie Mac,profit,40,50,Financials,Urban or suburban? Condo or townhome? Here are some tips on how to find the right home if you're stuck at a crossroads this spring homebuying season.  https://t.co/gQoPvKYgVR,original,0,0,1,6,4,5/10/19,1,0,0,0
17709,PG&E,profit,183,58,Energy,"#PSPS map of impacted area of #MarinCounty (click to expand): PG&amp;E expects to begin turning off pwr in some areas early Wed, just after midnight. The pwr will be turned off to communities in stages, depending on local timing of the severe wind conditions https://t.co/vtR0giB5AY https://t.co/hN0aiVkTlH",original,1,1,1,43,44,10/9/19,1,0,0,0
3322,United Parcel Service,profit,41,60,Transportation,"@WarrenGorowitz Hello, Warren! Interested in #electricvehicles? Register for this exclusive #webinar on Sept. 5th w/ @GreenBiz ‚Äì we‚Äôll be discussing the @SmartElectricUL project with @UKPowerNetworks @CrossRiverPship. Register here: https://t.co/kLyFUyyFhA https://t.co/GniqEGPG8N",original,1,1,1,1,0,9/3/19,1,0,0,0
19032,Becton Dickinson,profit,195,60,Health Care,TODAY at 2 p.m. at #ACSCC19: Come check out our booth (413);  hear Dr. Sean Orenstein talk about laparoscopic ventral hernia repair at the 2019 @AmCollSurgeons conference #Ventral https://t.co/oNoLwbxz4E,original,1,1,0,4,0,10/28/19,1,0,0,0
40522,Motorola Solutions,profit,416,58,Technology,Pressure levels are elevated at the chemical plant. How are production workers instantly notified to take action? Find out in our chemical &amp; industrial #manufacturing communications guide: https://t.co/ebti4zTR04 https://t.co/gqARxbDFQ3,original,1,1,1,2,7,1/2/19,1,0,0,0
51493,Honeywell International,profit,77,54,Industrials,"A new #quantum record: We have achieved individual qubit operation fidelities of 99.997%, the best ever reported of any addressable qubit technology. More: https://t.co/cxYTarEtPL https://t.co/AG9MNqvKSd",original,1,1,1,27,13,1/10/19,1,0,0,1
16602,Emerson Electric,profit,178,57,Industrials,"Winter is coming, so be sure you're prepared! Check out these 5 steps to make sure your HVAV system can handle the cold weather:  https://t.co/LToBpr57gN https://t.co/NuCcnb8sNP",original,0,1,1,3,1,11/22/19,1,0,0,0
38239,Oshkosh,profit,395,52,Industrials,"In case you missed it, #JerrDan was recently featured on the cover of Tow Professional Magazine - a resource for those in the towing and recovery business. Read the full write up on the 50/60 ton JFB Rotator here: https://t.co/U4aia3H5H1  #OshkoshFamily https://t.co/tzwbPe6v6x",original,1,1,1,1,0,6/21/19,1,0,0,0
49950,Cigna,profit,65,61,Healthcare,That‚Äôs a wrap! We want to thank everyone for helping us close out the Fall Cigna @SundayStreetHTX events with a bang. We‚Äôre excited to see everyone again in the Spring for more healthy fun activities. See you then! #SSHTX #CignaHouston https://t.co/Auv3FFOlkw,original,1,1,0,5,2,11/6/19,1,0,1,0
40523,Citizens Financial Group,profit,415,48,Financials,"Any task, no matter how daunting ‚Äî this holiday season and beyond ‚Äî is made easier with the right playlist. üé∂  Listen to our #MadeReady playlist featuring @theroots‚Äô new song ‚ÄúFeel It (You Got It)‚Äù on @Spotify and let us know what songs pump you up!",original,1,0,0,123,20,12/23/19,1,0,0,0
13742,CenturyLink,profit,132,52,Telecommunications,People can be resistant to change but here's how to overcome the hurdles to become a #DigitalBusiness: https://t.co/1cZAXZEUJF - study from @451Research https://t.co/QtrmRTgYli,original,1,1,1,3,0,6/29/19,1,0,0,0
2011,Valero Energy,profit,24,47,Energy,It takes more than an apple a day. You wouldn‚Äôt believe all the ways our nation‚Äôs health is fueled by petroleum. https://t.co/o1sUCx2kr3 https://t.co/x6kO5hPim2,original,0,1,1,0,0,11/1/19,1,0,0,0
8486,AbbVie,profit,96,61,Healthcare,That feeling when you've just won the top prize at our 3rd annual #Hackathon at the AbbVie Innovation Center at @UIResearchPark. Congrats to the winners - The AbbVie 5 - for their medical #IoT technology solution. https://t.co/2KJsFDoOaX,original,1,1,0,20,2,7/1/19,1,0,1,1
34645,Interpublic Group,profit,322,53,Business Services,ChaseDesign wins @ProcterGamble Partner of the Year Award for their outstanding contributions to the global P&amp;G supply network transformation. https://t.co/PL2Mijj72t,original,0,0,1,2,0,2/12/19,1,0,1,1
14146,Jabil,profit,140,54,Technology,"Enhanced mobile broadband is one of three drivers of #5G, and with it, you will never have to watch a loading screen slowly inch toward 100 percent again. Learn more: https://t.co/2kO12LaVTG https://t.co/NbdNLlc8dw",original,1,1,1,3,2,3/29/19,1,0,0,0
22944,Parker-Hannifin,profit,218,53,Industrials,Metal fabrication customers are cutting the manual monitoring leash with an #IoT enabled #ConditionMonitoring solution for their plant. See how that slashes labor costs: https://t.co/W4zNW0k2EM,original,1,0,1,3,2,12/4/19,1,0,0,0
12869,International Paper,profit,133,57,Materials,"We generate 75% of the energy used in our mills from carbon-neutral biomass residuals, which means fewer fossil fuels. ‚úÖ   Proud to pave the way for more renewable energy use. Learn more about our dedication to #sustainable practices: https://t.co/Q3lIe9XdIj https://t.co/tU5wHQNx3n",original,1,1,1,6,3,12/12/19,1,1,1,1
6647,Pfizer,profit,61,57,Healthcare,"Upjohn, a division of Pfizer, is proud to partner with the @EU_Commission‚Äôs @EIP_AHA to support programs to improve healthy aging and reduce the burden of non-communicable diseases. #NCDs https://t.co/u6lObrnzQI",original,1,1,0,21,2,12/11/19,1,0,1,1
30923,American Family Insurance Group,profit,306,51,Financials,"Instead of focusing on your waistline this summer, take time to understand what wellness really means to you. Here‚Äôs how you can become your healthiest self. https://t.co/B3RjTGrfzg https://t.co/fz3YQwWUjF",original,0,1,1,5,0,5/27/19,1,0,1,0
8758,Exelon,profit,93,61,Energy,"Exelon is thrilled to have leaders from @ComEd, @MyBGE &amp; @ConstellationEG at the @ets_conference this week to discuss important industry issues such as climate change, conservation, and building vibrant communities. For more info on #ets19 visit: https://t.co/kU788MsWjf https://t.co/bUY6im8ZnN",original,1,1,1,22,7,4/15/19,1,0,0,0
22518,DTE Energy,profit,220,54,Energy,@ENERGYSTAR-certified central air conditioners have higher seasonal energy efficiency ratio and energy efficiency ratio ratings and use 8% less energy than conventional new models: https://t.co/nJQm9PskOS https://t.co/StXcQ88Ejw,original,0,1,1,0,0,6/13/19,1,0,1,1
17869,PG&E,profit,183,58,Energy,"More wind, rain and snow expected today and for the rest of the week. Extreme weather conditions may impact access to PG&amp;E equipment and restoration time in some areas. Please have a plan for potential outages and to stay safe. https://t.co/S3FkuoZfIa #CAwx https://t.co/pP1nSXaEKQ",original,1,1,1,4,1,2/14/19,1,0,0,0
26461,Sempra Energy,profit,269,59,Energy,"Congrats to this year‚Äôs @SDGE #EnergyShowcase winners! @Hunter_Ind, @CHWorks, @sandag, @OceanDiscInst, @ViejasCasino, @GUHSDTweet, @helixwater &amp; @nbcsandiego, were recognized for their #sustainability work. Read more in today's #SempraSpotlight: https://t.co/3ovGrLVaIf",original,1,0,1,12,3,5/3/19,1,0,0,0
10875,Raytheon,profit,114,60,Aerospace & Defense,"The world's first all-digital warning receiver to outfit the @usairforce's newest tanker, the KC-46 Pegasus. Learn how the ALR-69A receiver will protect aircrew under this contract with Boeing. https://t.co/XPovYsLaIJ https://t.co/7z0kdkdIQ3",original,0,1,1,60,17,9/25/19,1,0,0,0
34158,Public Service Enterprise Group,profit,323,59,Energy,"PSE&amp;G‚Äôs #NJCleanEnergyFuture filing will save enough electricity to power 5.5 million homes for a year+save enough natural gas to supply 675,000 homes for a year ‚Äì while saving participating customers money.  For more: https://t.co/MylW9b5wiE https://t.co/nFlARvndl7",original,1,1,1,1,0,7/8/19,1,0,1,1
10417,JP Morgan Chase,profit,18,59,Financials,"""#TogetherWe celebrate women who have forged their own path, without apology. They deserve recognition,"" shares Venida, $JPM VP at #SitWithMe in Delaware. https://t.co/TgvsuOLIkS",original,1,1,0,77,18,3/8/19,1,0,1,0
2254,Johnson & Johnson,profit,37,63,Healthcare,"Alex Gorsky, Chairman &amp; CEO, #JNJ and members of the @BizRoundtable Corporate Governance Committee released their revised Statement on the Purpose of a Corporation. Read more about the work‚Äîand the impact Alex expects it to have‚Äîin @FortuneMagazine: https://t.co/kSggLQzlw2 https://t.co/wA8qiKDPtd",original,1,1,1,32,10,8/19/19,1,0,0,0
4273,Caterpillar,profit,58,56,Industrials,Decorate your doorstep with our printable pumpkin carving templates! üéÉhttps://t.co/n4eMwEEneY,original,0,0,1,22,1,10/27/19,1,0,0,0
51417,American Express,profit,72,61,Financials,Introducing @Qantas ‚Äì the newest Membership Rewards¬Æ airline partner! Card Members can now transfer #MembershipRewards pts and get 20% more Qantas Points through 6/30/2019. Terms Apply. https://t.co/wU5MFWh6oc https://t.co/gnvdzwtStv,original,1,1,1,19,6,6/25/19,1,0,0,0
20780,Wells Fargo,profit,29,58,Financials,"Ding! Add Wells Fargo‚Äôs common short codes (93557, 93729, 93733, 54687) to your contacts so you recognize us when we text you. Discover more ways to help protect your information: https://t.co/B777c9qNrM #TuesdayTip https://t.co/5lSkwHnhWK",original,1,1,1,7,5,5/7/19,1,0,0,0
6241,Morgan Stanley,profit,63,58,Financials,"As part of our ongoing commitment to fight plastic waste, we‚Äôre joining the @NatGeo Society and @UGA_Engineering to scale and enhance the innovative Marine Debris Tracker program. Learn more: https://t.co/ef0rDXQcIx https://t.co/GevdPiLxPB",original,0,1,1,13,4,11/15/19,1,1,0,1
13594,Bristol-Myers Squibb,profit,138,58,Health Care,Our global Patient Week celebration starts today! Learn how our employees around the world take time to get to know some of the patients we strive to serve. https://t.co/4ZW5Zvn73A  #WorkingTogetherForPatients https://t.co/nmBGtRSJjL,original,1,1,1,27,4,9/23/19,1,0,1,0
35446,Rockwell Collins,profit,350,60,Aerospace & Defense,We're not the only ones chasing the dream of hybrid electric flight - just the only ones about to catch it. Download our eBook here ‚û°Ô∏è  https://t.co/Z3sQtHekYp #ParisAirShow #PAS19 https://t.co/GZDnZWSGGU,original,1,1,1,7,0,6/20/19,1,0,0,0
16977,Jones Lang LaSalle,profit,189,57,Financials,"Anxious about finding an available desk for the day? Relax. JiLL works just like a human admin, bringing convenience to the search and reservation process through a simple conversational interface. Just ask JiLL. https://t.co/0WAQj2L6Le https://t.co/u0ydGamD3Q",original,0,1,1,3,2,7/2/19,1,0,0,0
13911,Jabil,profit,140,54,Technology,"To empower local youth, Jabil engineers have joined forces with @American_Heart, mentoring and inspiring young girls in Hillsborough County to pursue careers in STEAM (Science, Technology, Engineering, Art and Math). #JabilCares #AHA #STEMGoesRed https://t.co/LRulY5EzTl",original,1,1,0,4,0,9/26/19,1,0,1,1
50423,Morgan Stanley,profit,63,58,Financials,"‚ÄúI was feeding myself stories that my different was a bad different. Once I was able to get out of my own way, that was when I could fully step into my own power.‚Äù ‚Äì Lauren Ziadie #MLS2019LA https://t.co/ZZCWvytElc https://t.co/W2jAfwpfaH",original,1,1,1,8,3,5/16/19,1,0,0,0
44328,Intercontinental Exchange,profit,469,54,Financials,The 2-10 Muni Yield Curve spread hit an all-time low as investors flock to fixed income amid economic growth fears:  Month   Spread Nov 18      60 Dec 18      54 Jan 19      53 Feb 19      51 Mar 19      39 Apr 19      31 May 19     28 Jun 19      35 Jul 19       41 Aug 19     20,original,0,0,0,9,5,8/29/19,1,0,0,0
4755,Lockheed Martin,profit,60,59,Aerospace & Defense,We are honored to recognize Lockheed Martin systems engineer Cory Weathers who will receive the 2019 Linda Gooden Legacy Award at #BEYA2019! https://t.co/xABMsh2SU8,original,1,1,0,85,14,2/2/19,1,0,0,0
35956,Air Products & Chemical,profit,344,54,Chemicals,"Richard Boocock, Special Advisor to the Chairman, will discuss the role of #hydrogen in India's future energy mix and Air Products' leadership role at the #IndiaEnergyForum by @CERAWeek  #AirProductsIndia #zeroemission #cleanenergy #HydrogenNow Learn more: https://t.co/sgM5GpZJ59 https://t.co/HXNJ9OgqeW",original,1,1,1,4,1,10/14/19,1,0,0,0
3209,United Parcel Service,profit,41,60,Transportation,"@danieljwindham In partnership with CVS Health Corp, we will explore the use of #drones for delivering prescriptions and retail products to the homes of CVS residential customers. Click to learn more. #UPSDrones https://t.co/pM1fXLa4iD https://t.co/kqcpszocxE",original,1,1,1,1,0,10/23/19,1,0,1,0
48470,Centene,profit,51,51,Healthcare,"Health is driven by the conditions in which we were born, grow, live, work and age. Food insecurity, housing instability, unemployment, and other factors contribute to health outcomes. Learn how Centene addresses social and environmental barriers to care. https://t.co/R2sdYXtuhP https://t.co/lb90hQQ99L",original,0,1,1,7,0,11/5/19,1,0,1,0
27012,LKQ,profit,262,45,Wholesalers,"ONE DAY SALE! With the WorkHose, there‚Äôs no more wrestling with bulky air hoses. The patented design keeps it lightweight while maintaining air force pressure up to 400psi. Contact your local LKQ / Keystone to get this special deal! SEE IT IN ACTION -  https://t.co/ir8Fp6Fqu5 https://t.co/E4ElAbjxNg",original,0,1,1,3,0,9/13/19,1,0,0,0
14253,Qualcomm,profit,137,57,Technology,"Can‚Äôt wait to see team @MercedesAMGF1 take on the Aut√≥dromo Hermanos Rodr√≠guez, where @ValtteriBottas currently holds the lap record. Best of luck to him and @LewisHamilton at the #MexicanGP. #F1 https://t.co/WkHXsxdrFL",original,1,1,0,71,13,10/25/19,1,0,0,0
42743,Owens Corning,profit,431,59,Materials,Close collaboration between our customers and OC experts working across our global network of science and technology centers helps us foster the #innovation that‚Äôs the cornerstone of our shared success.  üåé  #science #technology https://t.co/Ija43UNOWS,original,1,1,0,6,2,9/16/19,1,0,1,1
6011,Cigna,profit,65,61,Healthcare,"Hey, Houston! Get ready and join us on 11/3 for the last Cigna @SundayStreetHTX of the Fall season. We will have cool airbrush tattoos and more fun and games you and your family will love. Come by and help us continue to promote healthy lifestyles. #CignaHouston #SSHTX https://t.co/NJxqiHEuYD",original,1,1,0,11,2,10/29/19,1,0,0,0
34337,Public Service Enterprise Group,profit,323,59,Energy,"Our customers will always depend on the safe, reliable, around-the-clock energy we provide, but in the face of climate change, we know that will be no longer enough ‚Äì we must also be champions of clean energy. #NJCleanEnergyFuture https://t.co/DAIWp7su75",original,1,1,0,4,1,3/19/19,1,1,1,0
36427,WESCO International,profit,370,55,Wholesalers,We're pleased to be recognized as the 2019 National Distributor of the Year by @AxisIPVideo! The award was extended last week during the Axis Connect &amp; Converge Conference. üèÖ #ACCC19 https://t.co/K0FJO5AJaA,original,1,1,0,4,0,11/1/19,1,0,1,0
36689,Caesers Entertainment,profit,365,52,"Hotels, Restaurants & Leisure","Las Vegas Native, @jimmykimmel, has announced the opening lineup for the new Jimmy Kimmel's Comedy Club at the LINQ Promenade! See who's stepping up to the mic at the new venue: https://t.co/OBKsHJELgB https://t.co/xQXPJdWAkP",original,0,1,1,36,6,4/5/19,1,0,0,0
28912,Lam Research,profit,287,54,Technology,"Blue is a @UCBerkeley #robot that demonstrates a future of #AI-powered machines, working safely alongside humans in #SmartFactories is more feasible than we once thought. Check out more via @verge. https://t.co/fRl5AIinNe https://t.co/LHgf9fOfkA",original,1,1,1,4,0,4/16/19,1,0,1,1
44354,Intercontinental Exchange,profit,469,54,Financials,"Today we welcomed Borr Drilling to the @NYSE for their IPO. NYSE is home to energy companies, while ICE provides the infrastructure for global energy markets:   ‚Ä¢ Thousands of products ‚Ä¢ Twelve exchanges ‚Ä¢ Five continents ‚Ä¢ One platform https://t.co/TcmcCVu4Pq",original,0,1,0,5,4,7/31/19,1,0,0,0
40661,Dover,profit,412,48,Industrials,"New Randell BC Series Blast Chillers, from Dover‚Äôs @UnifiedBrands, incorporate technologically advanced features to give foodservice operators greater control and recording of the food chilling process. https://t.co/qB4phzRzGg https://t.co/Zdn8fhUWe6",original,0,1,1,3,1,10/30/19,1,0,0,0
15265,Broadcom,profit,150,47,Technology,"The Broadcom¬Æ BCM15000 (BCM15K) knowledge-based processors use up to eight parallel operations, which allow the devices to reach decision speeds of 7.2 billion searches per second. https://t.co/hRxH0vQLHv",original,0,0,1,5,1,3/27/19,1,0,1,0
11342,Northwestern Mutual,profit,111,61,Financials,"This Women‚Äôs History Month, we asked a few of our advisors to share how they empower others. Today, Sarah Miller explains how she coaches her clients to focus on what makes them happy - and incorporate those things into their financial goals. https://t.co/aC9nzuqOs3",original,0,0,1,2,0,3/29/19,1,0,1,1
28727,Lam Research,profit,287,54,Technology,"Ensuring everyone feels comfortable at work is critical. #LamResearch's Managing Dir. &amp; Global #HR Partner is sharing more about how to create a culture of #inclusivity in the workplace, on a panel at #SEMICONWest https://t.co/oAZgdr1pJN",original,1,1,0,4,2,7/9/19,1,0,1,0
18158,American Electric Power,profit,192,55,Energy,"A strong weather system blew across our Va and WVa service areas Thursday. More than 40,000 customers lost electric service. Currently 19,500 are without service in Va; 17,000 in W. Va.; assessments and repairs are ongoing with all projected on by Sunday night. https://t.co/yH430OhrYM",original,0,1,0,0,0,11/1/19,1,0,0,0
32270,Citigroup,profit,30,61,Financials,"The holiday season kicks off on Thursday, November 21, with the opening of the @UrbanspaceNYC #UnionSquareHolidayMarket! All are welcome to stop by the #Citi Holiday Lounge. https://t.co/EqfATn7Lip https://t.co/L9Hx6ft8HL",original,1,1,1,10,1,11/15/19,1,0,0,0