Org name,Org type,Forbes rank,CSR rank,Sector,Text,tweet_type,CODED_hashtags,CODED_media,CODED_urls,favorite_count,retweet_count,Date,Presence/Absence,
United Parcel Service,profit,41,60,Transportation,"@GreenSolarWind Lon, on #WorldEnvironmentDay, UPS continues work on its #sustainability goals. We recently made the largest purchase of RNG ever, reducing our #GHG emissions by more than 1M metric tons. Subscribe to our newsletter to learn more: https://t.co/oEtJZOrxKp https://t.co/ilQGCcD5Hm",original,1,1,1,1,0,6/5/19,1,
United Parcel Service,profit,41,60,Transportation,"@joelgehman  Joel, It‚Äôs #WorldEnvironmentDay. Did you know UPS recently made the largest purchase of RNG ever from CleanEnergy to help combat emissions? UPS‚Äôs #sustainability newsletter highlights this initiative. You can subscribe here: https://t.co/oEtJZOrxKp https://t.co/xYSq5VGA15",original,1,1,1,0,0,6/5/19,1,
United Parcel Service,profit,41,60,Transportation,"@NelsonSwitzer Nelson, today is #WorldEnvironmentDay! The theme this year is air pollution. Find out how UPS continues to work on its sustainability goals by subscribing to our newsletter. https://t.co/oEtJZOrxKp https://t.co/kQNGASqn9O",original,1,1,1,0,1,6/5/19,0,
United Parcel Service,profit,41,60,Transportation,@hdbyrne Today is #WorldEnvironmentDay! The theme this year is air pollution. Find out how UPS continues to work on its sustainability goals by subscribing to our newsletter. https://t.co/oEtJZOrxKp https://t.co/7NxeF8Cpxc,original,1,1,1,1,0,6/5/19,0,
United Parcel Service,profit,41,60,Transportation,"@JohnRSeydel On #WorldEnvironmentDay, UPS continues work on its #sustainability goals. We recently made the largest purchase of RNG ever, reducing our #GHG emissions by more than 1M metric tons. Subscribe to our newsletter to learn more https://t.co/oEtJZOrxKp https://t.co/vVmqo1lqY3",original,1,1,1,1,0,6/5/19,1,
United Parcel Service,profit,41,60,Transportation,@rebleber It‚Äôs #WorldEnvironmentDay. Did you know UPS recently made the largest purchase of RNG ever from CleanEnergy to help combat emissions? UPS‚Äôs #sustainability newsletter highlights this initiative. Click to learn more and subscribe https://t.co/oEtJZOrxKp https://t.co/XCQrtnenPq,original,1,1,1,0,0,6/5/19,1,
United Parcel Service,profit,41,60,Transportation,@jendlouhyhc The theme for #WorldEnvironmentDay this year is air pollution. Our #sustainability newsletter highlights UPS‚Äôs efforts to reduce carbon emissions via fleet electrification and other sustainable methods. Subscribe here to learn more: https://t.co/oEtJZOrxKp https://t.co/eO8ryxGjtC,original,1,1,1,0,0,6/5/19,1,
United Parcel Service,profit,41,60,Transportation,"@GreenCollarGuy Kevin, on #WorldEnvironmentDay, UPS continues work on its #sustainability goals. We recently made the largest purchase of RNG ever, reducing our #GHG emissions by more than 1M metric tons. Subscribe to our newsletter to learn more: https://t.co/oEtJZOrxKp https://t.co/HsvGHpk3Of",original,1,1,1,0,0,6/5/19,1,
United Parcel Service,profit,41,60,Transportation,"@theGEF  Gef, It‚Äôs #WorldEnvironmentDay. Did you know UPS recently made the largest purchase of RNG ever from CleanEnergy to help combat emissions? UPS‚Äôs #sustainability newsletter highlights this initiative. You can subscribe here: https://t.co/oEtJZOrxKp https://t.co/4DQ52bAbZF",original,1,1,1,0,0,6/5/19,1,
United Parcel Service,profit,41,60,Transportation,"@JackieSavitz Jackie, today is #WorldEnvironmentDay! The theme this year is air pollution. Find out how UPS continues to work on its sustainability goals by subscribing to our newsletter. https://t.co/oEtJZOrxKp https://t.co/jQvcezwioj",original,1,1,1,0,0,6/5/19,0,
United Parcel Service,profit,41,60,Transportation,@johnrplatt Today is #WorldEnvironmentDay! The theme this year is air pollution. Find out how UPS continues to work on its sustainability goals by subscribing to our newsletter. https://t.co/oEtJZOrxKp https://t.co/cPfAclLYG3,original,1,1,1,0,0,6/5/19,0,
United Parcel Service,profit,41,60,Transportation,"@brucenilles On #WorldEnvironmentDay, UPS continues work on its #sustainability goals. We recently made the largest purchase of RNG ever, reducing our #GHG emissions by more than 1M metric tons. Subscribe to our newsletter to learn more https://t.co/oEtJZOrxKp https://t.co/81M83QtpR7",original,1,1,1,0,0,6/5/19,1,
United Parcel Service,profit,41,60,Transportation,@cleanaircatf It‚Äôs #WorldEnvironmentDay. Did you know UPS recently made the largest purchase of RNG ever from CleanEnergy to help combat emissions? UPS‚Äôs #sustainability newsletter highlights this initiative. Click to learn more and subscribe https://t.co/oEtJZOrxKp https://t.co/JKXOHP600E,original,1,1,1,0,0,6/5/19,1,
United Parcel Service,profit,41,60,Transportation,@AirDistrict The theme for #WorldEnvironmentDay this year is air pollution. Our #sustainability newsletter highlights UPS‚Äôs efforts to reduce carbon emissions via fleet electrification and other sustainable methods. Subscribe here to learn more: https://t.co/oEtJZOrxKp https://t.co/nNhAnUoKOQ,original,1,1,1,0,0,6/5/19,1,
United Parcel Service,profit,41,60,Transportation,"@amyrbrown12_amy Amy, on #WorldEnvironmentDay, UPS continues work on its #sustainability goals. We recently made the largest purchase of RNG ever, reducing our #GHG emissions by more than 1M metric tons. Subscribe to our newsletter to learn more: https://t.co/oEtJZOrxKp https://t.co/QNA2q4EZwk",original,1,1,1,2,1,6/5/19,1,
United Parcel Service,profit,41,60,Transportation,"@jwalkenrdc  John, It‚Äôs #WorldEnvironmentDay. Did you know UPS recently made the largest purchase of RNG ever from CleanEnergy to help combat emissions? UPS‚Äôs #sustainability newsletter highlights this initiative. You can subscribe here: https://t.co/oEtJZOrxKp https://t.co/Yd8I9Rkpv2",original,1,1,1,0,0,6/5/19,1,
United Parcel Service,profit,41,60,Transportation,"@HalickiM Michael, today is #WorldEnvironmentDay! The theme this year is air pollution. Find out how UPS continues to work on its sustainability goals by subscribing to our newsletter. https://t.co/oEtJZOrxKp https://t.co/ffpeER1jZ8",original,1,1,1,0,0,6/5/19,0,
United Parcel Service,profit,41,60,Transportation,@CleanAirRevival Today is #WorldEnvironmentDay! The theme this year is air pollution. Find out how UPS continues to work on its sustainability goals by subscribing to our newsletter. https://t.co/oEtJZOrxKp https://t.co/LhLFJ41DLu,original,1,1,1,0,0,6/5/19,0,
United Parcel Service,profit,41,60,Transportation,"@rebeccamkern On #WorldEnvironmentDay, UPS continues work on its #sustainability goals. We recently made the largest purchase of RNG ever, reducing our #GHG emissions by more than 1M metric tons. Subscribe to our newsletter to learn more https://t.co/oEtJZOrxKp https://t.co/1Nfs9wUj1A",original,1,1,1,0,0,6/5/19,1,
United Parcel Service,profit,41,60,Transportation,@COScienceWriter It‚Äôs #WorldEnvironmentDay. Did you know UPS recently made the largest purchase of RNG ever from CleanEnergy to help combat emissions? UPS‚Äôs #sustainability newsletter highlights this initiative. Click to learn more and subscribe https://t.co/oEtJZOrxKp https://t.co/9FlqJyH1k1,original,1,1,1,0,0,6/5/19,1,
United Parcel Service,profit,41,60,Transportation,@JoelKirkland2 The theme for #WorldEnvironmentDay this year is air pollution. Our #sustainability newsletter highlights UPS‚Äôs efforts to reduce carbon emissions via fleet electrification and other sustainable methods. Subscribe here to learn more: https://t.co/oEtJZOrxKp https://t.co/1muNHA4msP,original,1,1,1,0,0,6/5/19,1,
United Parcel Service,profit,41,60,Transportation,"@atlgreenpages Live, on #WorldEnvironmentDay, UPS continues work on its #sustainability goals. We recently made the largest purchase of RNG ever, reducing our #GHG emissions by more than 1M metric tons. Subscribe to our newsletter to learn more: https://t.co/oEtJZOrxKp https://t.co/lhDlukXZKw",original,1,1,1,0,0,6/5/19,1,
United Parcel Service,profit,41,60,Transportation,"@jurpelai  Johannes, It‚Äôs #WorldEnvironmentDay. Did you know UPS recently made the largest purchase of RNG ever from CleanEnergy to help combat emissions? UPS‚Äôs #sustainability newsletter highlights this initiative. You can subscribe here: https://t.co/oEtJZOrxKp https://t.co/9du0VHJAXi",original,1,1,1,0,0,6/5/19,1,
United Parcel Service,profit,41,60,Transportation,"@BMarshallEnviro Bob, today is #WorldEnvironmentDay! The theme this year is air pollution. Find out how UPS continues to work on its sustainability goals by subscribing to our newsletter. https://t.co/oEtJZOrxKp https://t.co/EJMAE6Fe2F",original,1,1,1,0,0,6/5/19,0,
United Parcel Service,profit,41,60,Transportation,@JimGMorris Today is #WorldEnvironmentDay! The theme this year is air pollution. Find out how UPS continues to work on its sustainability goals by subscribing to our newsletter. https://t.co/oEtJZOrxKp https://t.co/6UXvgwOrQr,original,1,1,1,0,0,6/5/19,0,
United Parcel Service,profit,41,60,Transportation,"@RichardMeyerDC On #WorldEnvironmentDay, UPS continues work on its #sustainability goals. We recently made the largest purchase of RNG ever, reducing our #GHG emissions by more than 1M metric tons. Subscribe to our newsletter to learn more https://t.co/oEtJZOrxKp https://t.co/cQ2I8U6Zzd",original,1,1,1,1,1,6/5/19,1,
United Parcel Service,profit,41,60,Transportation,@yalmazsiddiqui It‚Äôs #WorldEnvironmentDay. Did you know UPS recently made the largest purchase of RNG ever from CleanEnergy to help combat emissions? UPS‚Äôs #sustainability newsletter highlights this initiative. Click to learn more and subscribe https://t.co/oEtJZOrxKp https://t.co/0rEPrSZIeV,original,1,1,1,0,0,6/5/19,1,
United Parcel Service,profit,41,60,Transportation,@travisbubenik The theme for #WorldEnvironmentDay this year is air pollution. Our #sustainability newsletter highlights UPS‚Äôs efforts to reduce carbon emissions via fleet electrification and other sustainable methods. Subscribe here to learn more: https://t.co/oEtJZOrxKp https://t.co/bkpbxXiJod,original,1,1,1,0,0,6/5/19,1,
United Parcel Service,profit,41,60,Transportation,"@pallavipnt Pallavi, on #WorldEnvironmentDay, UPS continues work on its #sustainability goals. We recently made the largest purchase of RNG ever, reducing our #GHG emissions by more than 1M metric tons. Subscribe to our newsletter to learn more: https://t.co/oEtJZOrxKp https://t.co/0yMGJZNiUq",original,1,1,1,1,0,6/5/19,1,
United Parcel Service,profit,41,60,Transportation,"@mtresaugue  Matthew, It‚Äôs #WorldEnvironmentDay. Did you know UPS recently made the largest purchase of RNG ever from CleanEnergy to help combat emissions? UPS‚Äôs #sustainability newsletter highlights this initiative. You can subscribe here: https://t.co/oEtJZOrxKp https://t.co/Y1Uxn46LdV",original,1,1,1,0,0,6/5/19,1,
United Parcel Service,profit,41,60,Transportation,"@EarthDayEveryDa , today is #WorldEnvironmentDay! The theme this year is air pollution. Find out how UPS continues to work on its sustainability goals by subscribing to our newsletter. https://t.co/oEtJZOrxKp https://t.co/TceHhX39yT",original,1,1,1,0,0,6/5/19,0,
United Parcel Service,profit,41,60,Transportation,@NaturalGasNow Today is #WorldEnvironmentDay! The theme this year is air pollution. Find out how UPS continues to work on its sustainability goals by subscribing to our newsletter. https://t.co/oEtJZOrxKp https://t.co/GGXH5PnpxK,original,1,1,1,0,0,6/5/19,0,
United Parcel Service,profit,41,60,Transportation,"@ThePlanetMark On #WorldEnvironmentDay, UPS continues work on its #sustainability goals. We recently made the largest purchase of RNG ever, reducing our #GHG emissions by more than 1M metric tons. Subscribe to our newsletter to learn more https://t.co/oEtJZOrxKp https://t.co/MbY1XoyGrW",original,1,1,1,2,1,6/5/19,1,
United Parcel Service,profit,41,60,Transportation,@aykan_erdemir It‚Äôs #WorldEnvironmentDay. Did you know UPS recently made the largest purchase of RNG ever from CleanEnergy to help combat emissions? UPS‚Äôs #sustainability newsletter highlights this initiative. Click to learn more and subscribe https://t.co/oEtJZOrxKp https://t.co/gEfi4Lfin1,original,1,1,1,1,0,6/5/19,1,
United Parcel Service,profit,41,60,Transportation,@EcoInternetDrGB The theme for #WorldEnvironmentDay this year is air pollution. Our #sustainability newsletter highlights UPS‚Äôs efforts to reduce carbon emissions via fleet electrification and other sustainable methods. Subscribe here to learn more: https://t.co/oEtJZOrxKp https://t.co/bKyuUSEgcX,original,1,1,1,1,0,6/5/19,1,
Procter & Gamble,profit,45,59,Household Products,"We‚Äôre working with #BrandsforGood to make sustainable living simple, fun and more impactful ‚Äì paving the way for a new 21st century vision for the Good Life that inspires you and the people you care about, without tradeoffs to our collective future. https://t.co/liUQuYb6af. https://t.co/IRrWBOKLb7",original,1,1,1,14,5,6/5/19,1,
Procter & Gamble,profit,45,59,Household Products,"We're excited to share our stunning, ultra-durable packaging for Cascade ActionPacs, now part of #Loop. This first-of-its-kind global packaging program will provide solutions to improve environmental impact. @MyCascade  #SB19Detroit https://t.co/qOoJovuCSA",original,1,1,0,13,2,6/5/19,1,
Procter & Gamble,profit,45,59,Household Products,Big News! In the spirit of sustainability @OlaySkin  will offer refill pods for Olay Regenerist Whip moisturizer online beginning this October. #SB19Detroit https://t.co/SRQ3xK03JU,original,1,1,0,14,3,6/5/19,0,
Freddie Mac,profit,40,50,Financials,"With the launch of the single security initiative, the U.S. mortgage market is more vibrant, liquid and sustainable.",original,0,0,0,10,8,6/5/19,1,
Newmont Goldcorp,profit,419,54,Energy,The @IUCN and #NewmontGoldcorp are on a multi-year journey to explore the challenges and opportunities of global biodiversity net gain. Here are findings from a recent @IUCN independent review of Newmont Goldcorp. Read more on today‚Äôs blog: https://t.co/pvuh2Gg3cD https://t.co/ZlVOGEmdcs,original,1,1,1,4,1,6/5/19,0,
American Axle & Manufacturing,profit,418,49,Motor Vehicles & Parts,#TeamAAM has the POWER to make a positive impact. 100+ AAM volunteers cleaned up the area surrounding Davison Elementary School in Detroit‚Äôs Campau/Banglatown area to kick off our $5M Strategic Neighborhood Fund (SNF) investment. The results? Powerful: https://t.co/KlOlmx4RKn,original,1,0,1,4,0,6/5/19,1,
Magellan Health,profit,417,48,Health Care,Men‚Äôs Health Month is recognized each June to encourage early detection and treatment of disease for men and boys.   Read more about which Men‚Äôs health screening you may need here: https://t.co/dYPZZvlyiw https://t.co/EZsEGJxTlX,original,0,1,1,4,2,6/5/19,1,
Motorola Solutions,profit,416,58,Technology,"According to @MotSolsEMEA‚Äôs latest LMR management survey, maintaining a software-based land mobile radio system requires a whole new range of tools and expertise. Check out the full report to learn new strategies for our software-centric environment: https://t.co/PZgnkhb3Kk https://t.co/dVkpECTzM3",original,0,1,1,1,4,6/5/19,0,
Motorola Solutions,profit,416,58,Technology,"With just a few weeks until @911NENA911‚Äôs annual conference, here‚Äôs a sneak peek at the can‚Äôt-miss sessions focused on mission-critical communications at #MotorolaSolutions' Innovation Theater. Save your seat at #NENA2019 booth #706: https://t.co/DkU2htdia5 https://t.co/ThAWn15awN",original,1,1,1,3,8,6/5/19,0,
Apache,profit,411,54,Energy,"WIN A TRIP! College students can enter to win a trip to Houston and an opportunity to meet the #ApacheCorp team on July 20, 2019. Learn how a career in energy can make a difference in the lives of people around the world! https://t.co/9hJsCVSXcq https://t.co/JziQ8WLU6Z",original,1,1,1,1,0,6/5/19,0,
Toll Brothers,profit,428,49,Engineering & Construction,Regularly clean your kitchen vent hood filter for optimal performance.  Follow us for more #TBHomeCareTips. https://t.co/TEvpzLGpYP,original,1,1,0,3,0,6/5/19,0,
American Financial Group,profit,427,48,Financials,"Nearly 3,500 people in the U.S. die from drowning each year. Learn how to stay safe in the water. https://t.co/JSX8q2hJ7F https://t.co/fAOvns9csg",original,0,1,1,0,0,6/5/19,0,
Avery Dennison,profit,425,52,Materials,Grab your customers' attention w/ the power of promotion. Explore Avery Dennison¬Æ Promotional Pre-Printed Labels: https://t.co/fapTl4bG52 https://t.co/6eNxy8T1Qi,original,0,1,1,2,0,6/5/19,0,
Insight Enterprises,profit,430,48,Technology,"‚ÄúThere is an increasingly critical need to reorient technology teams around product and business outcomes, shifting effort and resources away from rote, repetitive, low-value activities that dominate energies in many IT organizations.‚Äù Read here: https://t.co/IojoOKGASp https://t.co/Y3UC24kbLQ",original,0,1,1,0,0,6/5/19,0,
Owens-Illinois,profit,438,48,Materials,"Today we honor our planet celebrating #WorldEnvironmentDay. Did you know, every 10% of recycled glass used in production leads to a 5% reduction in carbon emissions and a 3% reduction in energy use? Read more about our goals here https://t.co/4nc4H8yGKr https://t.co/5Yx7TW45QI",original,1,1,1,7,0,6/5/19,1,
Alleghany,profit,437,46,Financials,Homestead: Residential structure fire - 1100 block of Amity Street. Responders are at the scene.,original,0,0,0,1,1,6/5/19,0,
Alleghany,profit,437,46,Financials,"ACHD will continue conducting evening mosquito treatments at catch basins in the City of Pittsburgh throughout this week. Approximately 8,000 drainage systems will be treated to help prevent nuisance mosquitoes and the diseases they spread to humans and domestic animals.",original,0,0,0,6,1,6/5/19,0,
Alleghany,profit,437,46,Financials,McCandless: Crew is milling and paving Walters Road in North Park. Flaggers in use; drivers please use caution in the area.,original,0,0,0,1,0,6/5/19,0,
Arthur J. Gallagher,profit,435,48,Financials,Happy #WorldEnvironmentDay! Learn more about our company‚Äôs dedication to global responsibility and our ultimate goal of leaving the world better than we found it: https://t.co/UzcUFXlo75 https://t.co/0yN5sYcO0k,original,1,1,1,1,1,6/5/19,1,
Packaging Corp. of America,profit,432,49,Materials,Happy #WorldEnvironmentDay! #PCA is dedicated to environmental responsibility. Read about our eco-friendly programs here: https://t.co/qqahMHVoOV https://t.co/oCkVkjhbnd,original,1,1,1,4,2,6/5/19,0,
Hanesbrands,profit,444,52,Apparel,Happy #WorldEnvironmentDay! We ‚ù§Ô∏è our üåé -- and that‚Äôs why we‚Äôre focused on being an international leader in energy management and eco-friendly operations. Check out our award-winning program and progress to date! https://t.co/IVRynqT6Wo   #HanesForGood https://t.co/xDtc6OG1YN,original,1,1,1,3,2,6/5/19,0,
Intercontinental Exchange,profit,469,54,Financials,Congratulations to @Shell on their 2019 Management Day   From: @NYSE (where global energy companies list) and ICE (where global energy companies trade) https://t.co/E0cS0XSJSr,original,0,1,0,25,12,6/5/19,0,
Intercontinental Exchange,profit,469,54,Financials,ICE reports May stats (y/y) Highlights:  ‚Ä¢ Open interest (OI) ‚¨ÜÔ∏è 2% ‚Ä¢ Gasoil average daily volume (ADV) ‚¨ÜÔ∏è 19% ‚Ä¢ Global oil products ADV ‚¨ÜÔ∏è 14%; OI ‚¨ÜÔ∏è 7% ‚Ä¢ European natural gas ADV ‚¨ÜÔ∏è 13%; OI ‚¨ÜÔ∏è 42% ‚Ä¢ Interest rate OI ‚¨ÜÔ∏è 7% ‚Ä¢ MSCI ADV ‚¨ÜÔ∏è 47% ‚Ä¢ Ags &amp; metals ADV ‚¨ÜÔ∏è 4%,original,0,0,0,2,1,6/5/19,0,
Intercontinental Exchange,profit,469,54,Financials,Don‚Äôt miss experts evaluate the objective to see all standardized OTC derivatives move to a CCP environment and also discuss incentives to clear. Today at 10:00am at #IDX2019 https://t.co/4cWvsIm2vv,original,1,1,0,1,1,6/5/19,0,
ABM Industries,profit,463,52,Business Services,"Indoor office environments have a significant impact on the productivity, #health, and wellbeing of their occupants. How to support investments in health and wellness in FacilitiesNet: https://t.co/8ucTEnXgTw https://t.co/7enYVWwik3",original,1,1,1,1,1,6/5/19,0,
M&T Bank Corp.,profit,462,47,Financials,Congratulations to Kristen Hart of Renaissance Institute HS in #JerseyCity #NewJersey! We‚Äôve teamed with the @NYJets to recognize Kristen‚Äôs hard work for her students and community by naming her our Touchdown for Teachers winner. https://t.co/LWCOtj7njA,original,1,1,0,20,0,6/5/19,0,
Hess,profit,461,53,Energy,"When it comes to the Bakken, ‚Äúthere‚Äôs no ‚Äòone size fits all‚Äô,‚Äù said Barry Biggs, VP, Onshore Production in an interview with Oil and Gas Investor. Hess‚Äô journey continues to reduce costs and improve productivity to drive significant growth in North Dakota.  #Bakken #oilandgas",original,1,0,0,3,0,6/5/19,1,
HD Supply Holdings,profit,479,49,Wholesalers,Ready to see your property in the best light? LEDs are becoming the go-to lighting choice for property managers and maintenance pros.  https://t.co/YPW0YOOSdg https://t.co/1nhxs5WITh,original,0,1,1,1,0,6/5/19,0,
Clorox,profit,477,63,Household Products,"Reducing the amount of waste sent to landfills is an important priority. That's why we set a 2020 goal of achieving zero-waste-to-landfill status at 10 of our facilities. Today, we've not only met that goal 2 years early but have surpassed it. #WorldEnvironmentDay https://t.co/36BQ01ubfR",original,1,1,0,0,0,6/5/19,1,
Booz Allen Hamilton,profit,475,55,Technology,"Congrats to #datascience expert Joe Rohner on being named to @AFCEA's ""40 Under 40,"" a prestigious list recognizing thought leaders and innovators in #STEM. Learn more: https://t.co/G7xdrmKypx https://t.co/QPpvQs2IKW",original,1,1,1,11,4,6/5/19,0,
Booz Allen Hamilton,profit,475,55,Technology,Organizations spend millions every year on #threat mitigation. But what would happen if they pooled resources across a group of trusted partners? Costs go down; safety and #security go up. Meet the Global Threat Mitigation Program: https://t.co/OOXTgU2aMi https://t.co/gqhgnUxYkU,original,1,1,1,4,1,6/5/19,0,
Booz Allen Hamilton,profit,475,55,Technology,"Life #science breakthroughs don't happen in a vacuum. Learn how our experts collaborate with academics and researchers to work toward life-saving discoveries in #healthcare tech, medical #research, and more: https://t.co/y3uoG1AcSo https://t.co/6essf0xVsq",original,1,1,1,3,2,6/5/19,0,
L3 Technologies,profit,290,51,Aerospace & Defense,"Symphony GateVue, #HarrisCorp‚Äôs dynamic gate management solution, reduces operator workload by up to 80%.  Learn more about GateVue here: https://t.co/lby9R1Zzbk  #TravelTuesday #airport #airlines #efficiency https://t.co/rb8IpoaJt0",original,1,1,1,4,1,6/5/19,0,
Robert Half International,profit,490,52,Business Services,Looking to switch careers? #Machinelearning is on üî•.   Become a machine learning engineer: https://t.co/YPKYdeo8GL https://t.co/1O442EYXoS,original,1,1,1,0,2,6/5/19,0,
Fiserv,profit,488,45,Business Services,Managing money can be difficult. Our latest research shows how financial institutions can help. https://t.co/6HDpBEPzkv https://t.co/PlPFSsZBhp,original,0,1,1,6,1,6/5/19,1,
ON Semiconductor,profit,485,53,Technology,This #WhitepaperWednesday focuses on automatic HVAC air recirculation and how it can easily be enhanced via stepper motors to meet high-quality operation requirements. https://t.co/eWRZ7sYhSp https://t.co/tsSCTQySeO,original,1,1,1,2,0,6/5/19,0,
ON Semiconductor,profit,485,53,Technology,"Discover how our #cloudpower solutions can assist you in your computing and #connectivity needs such as our AC-DC conversion, multi-phase conversion and more! https://t.co/n6lolJ7ZWW https://t.co/VQUBJPoY8b",original,1,1,1,2,0,6/5/19,0,
ON Semiconductor,profit,485,53,Technology,Automotive power management is key as the #autonomousvehicle and #electricvehicle markets grow. Learn about our solutions to assist your power management needs. https://t.co/DtCfcImu5J https://t.co/qOUM2ZbisY,original,1,1,1,2,2,6/5/19,0,
Intuit,profit,482,59,Technology,"We‚Äôre proud to be carbon neutral since 2015, as part of our ongoing environmental footprint strategy! üå≤ Learn about our partnership with Tradewater to fight the overlooked threat of CFCs in our @NatGeo feature! #WorldEnvironmentDay https://t.co/tLgy6kvVLr",original,1,0,1,6,1,6/5/19,1,
Levi Strauss,profit,500,56,Apparel,"As an iconic global company, we know that what we say and do matters. Get the facts behind our gun violence prevention efforts. https://t.co/lo7XeuyYtI #WearOrange https://t.co/bQMJZOA2sJ",original,1,1,1,95,42,6/5/19,1,
Peabody Energy,profit,499,50,Energy,Happy #QueenslandDay! #DYK: Peabody sold 9 million tons of coal from our Queensland mines in 2018 and generated $2.4 billion in direct and indirect economic benefits for the state. https://t.co/pDHzI8R6jc https://t.co/yDyRnNSYNN,original,1,1,1,0,1,6/5/19,0,
Simon Property Group,profit,496,53,Financials,What does $5 billion in new development and redevelopment opportunities look like? It looks like a sustained pipeline that will fuel Simon's future NOI and FFO growth. That's what a long term focus is all about. #simon  #retaildevelopment #redevelopment https://t.co/ucdphGyrCA https://t.co/Qj3TiNmsyu,original,1,1,1,2,0,6/5/19,0,
Williams-Sonoma,profit,495,51,Retailing,#Chicago! Step into the World of Williams Sonoma as we take over @chefsarahjayne's @monteverdechi 7/15 for a multi-course dinner + wine pairings by @SVGrapesWine. Get tickets: https://t.co/NGYDXtIdsT https://t.co/TP6yXdUic5,original,1,1,1,4,1,6/5/19,0,?
Yum China Holdings,profit,362,50,"Hotels, Restaurants & Leisure","President and General Manager of KFC Canada Nivera Wallani is recognized in @foodservicemag's industry-leading women series, where she shares her career journey and how Yum! fosters an inclusive culture that promotes self-development. #WomenatYum! https://t.co/YCb3MFv1ea",original,1,0,1,4,2,6/5/19,0,
Sysco,profit,54,56,Wholesalers,Did you know washing your hands with warm water AND soap is a key step to preventing foodborne illness at home and at work? Find more #foodsafety tips at @FightBAC https://t.co/HNp6GFcrzd. #worldfoodsafetyday,original,1,0,1,1,1,6/5/19,0,?
Cisco Systems,profit,64,65,Technology,Cisco ‚ù§Ô∏è #STEM! High school students are experiencing what #cybersecurity is like in a workforce environment. https://t.co/7KYX0UQTmN,original,1,0,1,52,26,6/5/19,0,
Cisco Systems,profit,64,65,Technology,"At Cisco, we‚Äôre constantly looking for better ways to reduce our footprint on the #environment. On #WorldEnvironmentDay, read how we are tackling #climatechange: https://t.co/CFQw5T9IOl @CiscoCSR https://t.co/GcH55eJ4Td",original,1,1,1,41,18,6/5/19,1,
Goldman Sachs Group,profit,62,55,Financials,"Karukinka Natural Park spans over 735,000 acres of beautiful Chilean wilderness. This #WorldEnvironmentDay, explore our infographic to learn more about our partnership with @TheWCS to preserve the land and #BeatAirPollution: https://t.co/mWYU6D8foL https://t.co/PhizgPfvTi",original,1,1,1,5,2,6/5/19,1,
Morgan Stanley,profit,63,58,Financials,"With Mexico now another front for escalating trade tensions, are the risks of a global recession increasing?  Head of U.S. Public Policy Michael Zezas provides analysis. https://t.co/zBqQgjw1Cq https://t.co/8q7tsRZ1Tr",original,0,1,1,11,6,6/5/19,0,
Morgan Stanley,profit,63,58,Financials,"‚ÄúTanium‚Äôs endpoint visibility has helped us address security issues across our global network,‚Äù said Jerry Brady, CISO &amp; Distinguished Engineer at Morgan Stanley recognizing Tanium with the CTO Innovation Award in the Infrastructure category at our TechWeek &amp; CTO Summit. #MSTech https://t.co/jmLwW2pQka",original,1,1,0,24,7,6/5/19,1,
Morgan Stanley,profit,63,58,Financials,"‚ÄúZoom is a true partner going the extra mile to deliver unique functionality and granularity,‚Äù said Al Furman, our Global Head of End User Technology Engineering,  recognizing Zoom with the CTO Innovation Award in the Digital category at our TechWeek &amp; CTO Summit. #MSTech https://t.co/d20E3baVIm",original,1,1,0,34,12,6/5/19,0,
Morgan Stanley,profit,63,58,Financials,"‚ÄúWe can‚Äôt innovate in isolation. It‚Äôs imperative that we collaborate with an ecosystem of partners such as the ones here today,‚Äù said Rob Rooney, our Global Head of Technology as he kicked off our exclusive 19th TechWeek &amp; CTO Innovation Summit. #MSTech https://t.co/v3cfRf1vE3",original,1,1,0,20,1,6/5/19,0,
Morgan Stanley,profit,63,58,Financials,"Chris Nicol, our Australia Equity Strategist, shares his views on the growth and the central bank‚Äôs policy outlook for Australia, how companies are approaching #disruption across all sectors and what it means for investors. #MSIdeas #Research https://t.co/swAAd8gEbz https://t.co/58mIDPpyPw",original,1,1,1,2,2,6/5/19,0,?
Morgan Stanley,profit,63,58,Financials,Our colleagues in Milan preparing lunch for children in the community with @coopcomin as part of our global volunteer month! #MSGivesBack https://t.co/7R55ZOh4yV https://t.co/pzJ1Z5rmIo,original,1,1,1,7,3,6/5/19,0,
Tyson Foods,profit,80,49,"Food, Beverages & Tobacco",We‚Äôre committed to producing great food while also protecting the planet. Our science-based target to reduce our greenhouse gas emissions 30% by 2030 looks to reduce emissions at every part of our value chain. #RaisingExpectations #WorldEnvironmentDay https://t.co/hZGBWe4XOz,original,1,0,1,5,1,6/5/19,1,
Liberty Mutual Insurance Group,profit,75,51,Financials,"As the weather gets warmer, make sure you check the level of coolant Ô¨Çuid in your car. Keeping your engine cool is essential to its wellbeing. https://t.co/SpxmMQ68Ms",original,0,1,0,2,4,6/5/19,0,
Merck,profit,76,63,Healthcare,That‚Äôs a wrap on #BIO2019. Thank you @BIOConvention for another great conversation around #biotech and research. See you next year! Up next: #ADA2019 to discuss the latest advancements in #diabetes research. https://t.co/29ektmv6Ns,original,1,1,0,16,1,6/5/19,0,?
Merck,profit,76,63,Healthcare,"Earlier today, Paula Annunziato joined a panel of #vaccines leaders at #BIO2019 to discuss the state of the industry and how to stimulate sustainable growth. https://t.co/fFNfpjqMwZ",original,1,1,0,19,3,6/5/19,0,
Merck,profit,76,63,Healthcare,"‚ÄúIn many ways, our legacy is our future and our long-standing commitment to #infectiousdisease, #HIV, vaccines and more is what drives us to continue #InventingForLife‚Äù -Ken Frazier #BIO2019 https://t.co/UWQj2THte1",original,1,1,0,618,89,6/5/19,1,
American Express,profit,72,61,Financials,Introducing @Qantas ‚Äì the newest Membership Rewards¬Æ airline partner! Card Members can now transfer #MembershipRewards pts and get 20% more Qantas Points through 6/30/2019. Terms Apply. https://t.co/J1V2rvPybd https://t.co/aa2LmOwggA,original,1,1,1,14,2,6/5/19,0,?
Honeywell International,profit,77,54,Industrials,Say hi to Maribel! She's the #futureshaper that helps make the world more sustainable. Find out how: https://t.co/YMidHgvca8 https://t.co/LbXukrONcy,original,1,1,1,24,9,6/5/19,0,
ConocoPhillips,profit,86,55,Energy,A women-run sambal factory and an outdoor classroom at a catfish farm are examples of social enterprises supported by #ConocoPhillips in rural #Indonesia. Explore more through our photographer's travel journal:  https://t.co/fK5aahnlKG #spiritnow #socialenterprise https://t.co/BzABbFUS7f,original,1,1,1,7,3,6/5/19,0,
3M,profit,95,58,Industrials,"Did you know that bubbles are in everything from cars to running shoes? Watch how a unique discovery by 3M scientists brought these tiny, mighty specks of wonder into our everyday lives. @byVoxCreative #WonderWithUs https://t.co/N2QwHvi8Hq https://t.co/qF5cWyLBwb",original,1,1,1,20,12,6/5/19,0,
AbbVie,profit,96,61,Healthcare,"Little things can go a long way to protect the environment. Here are 10 ways you can help, via @HowStuffWorks: https://t.co/Dz5vNB3f2K #WorldEnvironmentDay https://t.co/yORU3RAuyH",original,1,1,1,6,2,6/5/19,0,
Exelon,profit,93,61,Energy,"Whether extreme heat or cold, snow or thunderstorms, #nuclear plants run through the most severe weather - making it the most reliable, zero-carbon energy source in America. https://t.co/M8C4F9fXsT",original,1,1,0,6,0,6/5/19,1,
Exelon,profit,93,61,Energy,"Today is #WorldEnvironmentDay - an annual observation of pressing environmental issues. This year's @UNEnvironment event theme is air pollution, which is prevented by using emissions-free energy sources like nuclear power. Learn more to #BeatAirPollution: https://t.co/wHliiWWyj7",original,1,0,1,1,2,6/5/19,1,
Lear,profit,147,51,Motor Vehicles & Parts,"This #EarthDay, we are focused on ensuring our products, process and employees are environmentally conscious. #LearSustainability To learn more about our green efforts go to: https://t.co/hLT1FJApRA https://t.co/IkbbUPdokP",original,1,1,1,11,1,4/22/19,0,
WellCare Health Plans,profit,155,52,Health Care,"April is National Child Abuse Prevention Month and our Missouri Care Welcome Room in St. Joseph helped raise awareness in the community by hosting Stewards of Children Prevention Training, teaching adults how to prevent, recognize and react responsibly to child sexual abuse. https://t.co/dIU3lLdr33",original,0,1,0,3,1,4/22/19,1,
AECOM,profit,157,55,Engineering & Construction,"To celebrate #EarthDay, NY Landscape Architecture Lead Gonzalo Cruz weighs in on what's needed to create resilient infrastructure for earth's future inhabitants. #ImagineNYC",original,1,0,0,14,4,4/22/19,1,
AECOM,profit,157,55,Engineering & Construction,"Happy #EarthDay! Protecting our planet requires innovation and resilience. Inspired by our purpose to deliver a better world, we‚Äôre working to make a positive impact on communities across the globe.",original,1,0,0,64,18,4/22/19,1,
PNC Financial Services,profit,159,60,Financials,Learning to care for the environment starts at a young age. That‚Äôs why #PNCGrowUpGreat supports outdoor classrooms that inspire a love of learning and nature. #EarthDay https://t.co/kwqLI2UCI9,original,1,0,1,13,6,4/22/19,1,
Western Digital,profit,152,53,Technology,"Environmental preservation is important to us. This #EarthDay, Western Digital employees worldwide are working together to make a meaningful impact in our communities. Find out what we're up to here: https://t.co/e3rtX7ImNk https://t.co/nc41H4h2A9",original,1,1,1,86,4,4/22/19,1,
Avnet,profit,165,54,Wholesalers,"It may look like a mere pet-ometer, but this reference design from @RenesasAmerica contains the integrated sensor technology to power devices you have yet to dream up. Register now to win a free one! https://t.co/Jl4tSFSJll https://t.co/E9eXXO6GON",original,0,1,1,3,1,4/22/19,0,
Avnet,profit,165,54,Wholesalers,"Happy #EarthDay! To ensure a promising tomorrow, we must dedicate ourselves to the mission of creating sustainable technology today. And we are. #AvnetReachFurther https://t.co/Qd3RQEpQFN https://t.co/7r78HMk7LZ",original,1,1,1,3,3,4/22/19,1,
XPO Logistics,profit,180,48,Transportation,"We‚Äôre pleased to release our inaugural #SustainabilityReport, showcasing XPO's commitment to supporting local communities, creating an equitable and respectful workplace, driving a low-carbon economy and building rewarding careers. #EarthDay #WeAreXPO | https://t.co/05T96pgcXF https://t.co/VGNtfjHLND",original,1,1,1,12,5,4/22/19,1,
Emerson Electric,profit,178,57,Industrials,"With a little attention, energy and big dose of #STEM, we can all have a Happy #EarthDay! #WeLoveSTEM https://t.co/orBRJAcSfo",original,1,1,0,2,0,4/22/19,0,
Synchrony Financial,profit,173,52,Financials,Synchrony is helping to make our planet a little greener. Happy #EarthDay! https://t.co/SfEu4L2ZxC https://t.co/RUxbYV4QkZ,original,1,1,1,10,2,4/22/19,0,
Kimberly-Clark,profit,171,58,Household Products,"#EarthDay serves as a reminder that those who use natural resources also have an obligation to steward them. At K-C, we anchor our work to protect the planet w/ key programs that keep our efforts focused &amp; measurable. Watch our water workshop in Cape Town. https://t.co/nptmsHQS3C",original,1,0,1,14,3,4/22/19,1,
Kimberly-Clark,profit,171,58,Household Products,"At K-C, we are reducing our impact through 5 global initiatives, including water programs that help communities tackle current &amp; future water risk challenges. Learn more from Jim Bath, leader of our global environmental services team. https://t.co/3aX8gqPbzO #earthday https://t.co/emyUvXuQSN",original,1,1,1,7,0,4/22/19,1,
WestRock,profit,190,52,Materials,"Sustainability is the fiber of our company.¬†With insights-driven innovations¬†such as recyclable coffee cups, we¬†help our customers address significant environmental challenges¬†to ensure a better future for everyone! Learn more:¬†https://t.co/6yBpQGaJT2 #EarthDay https://t.co/WN9UxcLpmJ",original,1,1,1,11,4,4/22/19,1,
WestRock,profit,190,52,Materials,"On #EarthDay and every day, WestRock invests in the communities where we live and work. By partnering with orgs like @KeepVABeautiful, our team members strengthen their communities and help create a more sustainable future. Learn more:¬†https://t.co/BY2YRxCywn https://t.co/uaOVY2cufp",original,1,1,1,9,3,4/22/19,1,
Jones Lang LaSalle,profit,189,57,Financials,"Our employees are committed to achieving a more sustainable future this #EarthDay, How will you achieve  your ambitions?  #AchieveAmbitions https://t.co/RxuXrkseES",original,1,1,0,28,7,4/22/19,0,
Jones Lang LaSalle,profit,189,57,Financials,This #EarthDay we are doing our part to drive down #energy and resource use by occupying more efficient and flexible workspaces. https://t.co/ng7o6b2KHi,original,1,1,0,5,0,4/22/19,1,
Jones Lang LaSalle,profit,189,57,Financials,"This #EarthDay we are committed to helping our clients create a clean, sustainable future #BuildingaBetterTomorrow everywhere we can. https://t.co/8YEsxwQ0KA",original,1,1,0,8,2,4/22/19,0,
Abbott Laboratories,profit,103,60,Medical Products and Equipment,Our leading engineer‚Äôs take on #STEM companies not doing nearly enough to promote women and minorities.   Spoiler alert: she‚Äôs an African American woman.   And there should be more just like her.  https://t.co/JNN8PZ7LnR,original,1,0,1,13,3,4/22/19,1,
Abbott Laboratories,profit,103,60,Medical Products and Equipment,"Eliminating waste, to make our world a better place.   We‚Äôve committed to decreasing our waste 50% by 2020. Check out how we‚Äôre doing this #EarthDay2019. #EarthDayEveryday #ItAllAddsUp https://t.co/1Zsk15kYrI",original,1,1,0,10,3,4/22/19,1,
Abbott Laboratories,profit,103,60,Medical Products and Equipment,"To truly have an impact, Earth Day needs to be every day.   Since 2010, we‚Äôve reduced our carbon emissions by 42%, and we‚Äôre not stopping there. #EarthDayEveryday #EarthDay2019 #ItAllAddsUp https://t.co/TL3vicU8zS",original,1,1,0,17,3,4/22/19,1,
Arrow Electronics,profit,109,54,Wholesalers: Electronics and Office Equipment,"A few Arrow employees are celebrating #EarthDay with @denverparksrec by volunteering to clean up local parks along the South Platte River. Thank you to all who are donating their time today, and every day, to spread positive change locally and globally. https://t.co/nCILqiEZyY",original,1,1,0,9,0,4/22/19,1,
Arrow Electronics,profit,109,54,Wholesalers: Electronics and Office Equipment,"A single refurbished computer has the power to carry the weight of fossil fuels and chemicals that would have otherwise fallen heavy on our planet. This #EarthDay, we encourage all to recycle responsibly. https://t.co/InVPOG47MS",original,1,1,0,28,6,4/22/19,0,
General Motors,profit,13,57,Motor Vehicles & Parts,"We‚Äôre committed to an all-electric, #ZeroEmissions future and what‚Äôs possible today is just the beginning. We see it as a simple equation: More electric vehicles on the road means fewer emissions, and cleaner air for all. #EarthDay https://t.co/KsYYPDkRp9",original,1,1,0,127,31,4/22/19,1,
Ford Motor,profit,12,56,Motor Vehicles & Parts,"This #EarthDay, we're celebrating one of nature's hardest workers, and the more than 400,000 of them that call Ford campuses home. üêù https://t.co/JAdokyH17y",original,1,1,0,524,161,4/22/19,0,
Chevron,profit,11,48,Energy,"We leverage technology to push energy‚Äôs frontiers. Every day, we scan the landscape for opportunities to make the world‚Äôs energy cleaner and more affordable, our environmental footprint smaller, and the industry‚Äôs workforce safer. #winninginanyenvironment https://t.co/ou5T0V2Ct4 https://t.co/fH23Mnlz0T",original,1,1,1,42,13,4/22/19,1,
Cardinal Health,profit,16,57,Healthcare,Hospitals in the U.S. generate 5.9 million tons of medical waste each year. Read what your #hospital can do to help: https://t.co/zczjldTW5i #EarthDay https://t.co/eeWGgbLTLZ,original,1,1,1,3,0,4/22/19,0,
Cardinal Health,profit,16,57,Healthcare,Bring your A game for #LabWeek 2019! Participate in our photo contest to recognize your peers by following these easy steps: https://t.co/nCzOGFmWTK https://t.co/Ei3PthbYEZ,original,1,1,1,2,0,4/22/19,0,
Kraft Heinz,profit,115,51,"Food, Beverages & Tobacco",See what happens when kids take lunchtime into their own hands in our new Capri Sun spot. (Spoiler alert: You‚Äôll cheer.)  https://t.co/5kdj9l74BT,original,0,0,1,2,0,4/22/19,0,
Raytheon,profit,114,60,Aerospace & Defense,"For #EarthDay, here are a few views of the planet from our VIIRS instrument, a technology we developed for things like predicting severe weather and tracking wildfires. Our instruments work 24/7 to keep people informed. https://t.co/Qq5zsR357Y https://t.co/5QZAaCG4yC",original,1,1,1,27,8,4/22/19,0,
INTL FCStone,profit,112,43,Financials,"What could #tariffs on the #EU do the economy? ‚ÄúTheoretically, with lower imports due to the higher total cost, U.S. prices should rise,‚Äù says Nate Donnay, director of #dairy market insight with INTL FCStone Financial Inc.  Read his full commentary: https://t.co/Yt3uKKKH7w",original,1,0,1,0,1,4/22/19,0,
INTL FCStone,profit,112,43,Financials,"African Swine Fever is ‚Äúa long-term issue that will raise the price of virtually all meat worldwide."" ‚Äì @ArlanFF101, chief commodities economist at INTL FCStone Financial Inc #ASF #OATT  Read his full commentary in @CNN: https://t.co/teLdm4ESdC",original,1,0,1,4,10,4/22/19,0,
INTL FCStone,profit,112,43,Financials,"Build your foundation for success in grain merchandising at INTL FCStone Financial Inc.‚Äôs Grain Merchandiser Risk Academy, July 24-25 in Chicago!  Register today: https://t.co/6hdn5jCwbi https://t.co/CkKinAb8UV",original,0,1,1,1,2,4/22/19,1,
Amgen,profit,129,59,Health Care,"‚ÄúImagine a world where a child interested in science, but who feels a sense of isolation for whatever reason, can engage in an online global community devoted to science learning‚Äù ‚Äì Scott Heimlich, VP of @AmgenFoundation, shares more about @LabXchange https://t.co/hfg1offc4V",original,0,0,1,10,4,4/22/19,1,
Amgen,profit,129,59,Health Care,Nearly 7 out of 10 adults in the U.S. using lipid-lowering therapy to treat their cardiovascular disease still have #highcholesterol.  Learn more about what else you can do to lower your risk by visiting https://t.co/Q0nCv5jjei https://t.co/faWgEiv86d,original,1,1,1,1,1,4/22/19,0,
International Paper,profit,133,57,Materials,"At our #EarthDay event we celebrated our support of the @arborday's Community Tree Recovery program where we are providing residents who lost trees in major disasters with new trees to plant. To celebrate we planted a native tree in our courtyard, a certified arboretum. https://t.co/wXC8LuvLT0",original,1,1,0,6,1,4/22/19,1,
International Paper,profit,133,57,Materials,"Today we had our 2nd annual #EarthDay celebration! This was an opportunity for employees to learn more about IP‚Äôs efforts to improve our environmental footprint &amp; promote sustainability of natural capital! Thanks for coming @MemphisZoo, @ShelbyFarmsPark, @memphisbotanic &amp; more! https://t.co/812Za52u09",original,1,1,0,11,3,4/22/19,0,
International Paper,profit,133,57,Materials,"According to @TwoSidesNA, there are 20% more trees in the U.S. today than on the first #EarthDay celebration in 1970!  Learn about @EarthDayNetwork‚Äôs initiative to plant 7.8 billion trees worldwide by 2020: https://t.co/zHLRgs9AhR https://t.co/tRjr3m7Hxs",original,1,1,1,8,3,4/22/19,0,
International Paper,profit,133,57,Materials,"Let's do our part to make #EarthDay every day &amp; recycle better by avoiding #WISHCYCLING! Wish-cycling is when an incorrect item is recycled. Don't recycle plastic bags, garden hoses, electric cords or clothing. It wastes time, money &amp; can be dangerous. via @RECYPartnership https://t.co/wiGorGz7ui",original,1,1,0,14,7,4/22/19,1,
International Paper,profit,133,57,Materials,"In an effort to improve our carbon footprint and our energy efficiency, nearly 75% of our mill energy is derived from biomass residuals rather than fossil fuels. #EarthDay #TheIPWayForward https://t.co/WV1D7wJRIP",original,1,1,0,13,3,4/22/19,1,
International Paper,profit,133,57,Materials,"In celebration of #EarthDay &amp; this amazing planet we call home, we‚Äôre partnering with @arborday to help plant 100 million trees in the communities where our employees &amp; customers live &amp; work. #TimeforTrees  Learn how trees can build stronger communities: https://t.co/Z9vK0QNgNR",original,1,0,1,21,8,4/22/19,1,
International Paper,profit,133,57,Materials,"‚ÄúA true conservationist is a man who knows that the world is not given by his fathers, but borrowed from his children.‚Äù - John James Audubon  Happy #EarthDay from International Paper! https://t.co/UUC9rVmrLz",original,1,1,0,25,5,4/22/19,0,
Southern,profit,131,56,Energy,"From reducing greenhouse gas emissions to protecting natural resources, wildlife and habitats ‚Äì see how we are protecting our planet: https://t.co/4Bv9rMUyYU #EarthDay2019 https://t.co/3fCmLdRpuN",original,1,1,1,15,4,4/22/19,1,
Gilead Sciences,profit,139,60,Health Care,"‚ÄúI work extremely hard to ensure that the trans community has trans-affirming &amp; trans-specific resources.‚Äù ‚Äì Jessica, #HIV Early Intervention Case Manager. For more on the importance of trans-specific resources, watch Jessica‚Äôs video &amp; talk with your doctor. #SpreadFactsNotFear https://t.co/HCSWeHooTh",original,1,1,0,16,4,4/22/19,1,
Bristol-Myers Squibb,profit,138,58,Health Care,Big savings are possible with small changes if we work together. Make every day #EarthDay and join our employees around the world in reducing water and energy use.,original,1,0,0,9,2,4/22/19,1,
CenturyLink,profit,132,52,Telecommunications,"In celebration of #EarthDay, check out our latest #CSR Report to learn how we are utilizing #technology to manage our impact to on the environment every day.",original,1,0,0,13,7,4/22/19,0,
Jabil,profit,140,54,Technology,Consumers are becoming more aware and passionate about the impact #packaging is having on the earth. Here's how brands are taking action: https://t.co/6kVhiGbMSm #EarthDay,original,1,0,1,1,1,4/22/19,0,
Jabil,profit,140,54,Technology,The #circulareconomy separates economic and ecological concerns and envisions products that are more efficient. Our goal must be to develop a better system that uses fewer resources and recycles more of the content that goes into our packaging. https://t.co/MzJrAEZI4I #EarthDay,original,1,0,1,2,0,4/22/19,0,
Jabil,profit,140,54,Technology,"Sustainability represents one of the biggest challenges facing all of us today. Now, brands are looking for sustainable solutions to revolutionize their product packaging and play their part in driving the world toward a more circular economy. https://t.co/rqHn7pJN5K #EarthDay",original,1,0,1,0,0,4/22/19,0,
Jabil,profit,140,54,Technology,Learn how strides made in 3D printers are empowering companies to experiment with new applications: https://t.co/dPcg5HXJTb #3dprinting,original,1,0,1,1,2,4/22/19,0,
Qualcomm,profit,137,57,Technology,"The opportunities to empower people, enhance quality of life, and protect the planet for future generations are endless. It‚Äôs our responsibility to make sure our influence is a positive one. #EarthDay2019 https://t.co/NbcaWucAOp",original,1,1,0,135,18,4/22/19,0,
Dollar Tree,profit,135,45,Retailing,Happy Earth Day! We hope everyone gets a chance to go outside and do something nice for our planet. https://t.co/1AhxwnXdgq,original,0,1,0,28,6,4/22/19,0,
Whirlpool,profit,148,55,Industrials,"Happy #EarthDay #DYK that an @ENERGYSTAR certified dishwasher saves 5,000 gallons of water a year? #ENERGYSTARchat https://t.co/MHCqnwl213",original,1,1,0,4,5,4/22/19,1,
Whirlpool,profit,148,55,Industrials,"On this #EarthDay, we're celebrating 20 years collaborating with @Habitat_org by joining forces with @nest to provide new connected, energy saving appliances in 20 Habitat communities across the U.S and you can help too: https://t.co/gxvGgyOSdc #Powerproject https://t.co/pPSl8FBsus",original,1,1,1,9,4,4/22/19,1,
Whirlpool,profit,148,55,Industrials,"How to be greener with your appliances - #EarthDay, Every Day https://t.co/DoxBL9Rxtq",original,1,1,0,12,3,4/22/19,0,
Whirlpool,profit,148,55,Industrials,"In honor of #EarthDay, we're hosting a sustainability-themed #KBTribeChat on Wednesday at 2pm ET. Join us as we discuss the growing demand for eco-friendly and energy-efficient home solutions! https://t.co/OQajWrd9Wb",original,1,1,0,9,3,4/22/19,0,
Aflac,profit,143,55,Financials,"Doing my part on #EarthDay to help reduce our carbon footprint, ours is just webbed. https://t.co/zWrSfkpYo6",original,1,1,0,171,31,4/22/19,0,
Lockheed Martin,profit,60,59,Aerospace & Defense,Quantum tech could be the key to solving the #energy crisis. Explore how quantum can change the world:  https://t.co/SiYtsmOs6N #EarthDay2019 https://t.co/X9b4Snq6Tz,original,1,1,1,70,16,4/22/19,0,
Walt Disney,profit,53,57,Media,".@Disneynature‚Äôs all-new feature film #DolphinReef, narrated by Natalie Portman, is swimming ashore. Dive in when the film debuts on #DisneyPlus! https://t.co/AgIwtdPime https://t.co/PEPdOMVkoP",original,1,1,1,742,103,4/22/19,0,
Walt Disney,profit,53,57,Media,"Happy 55th Anniversary, New York World's Fair! At the Fair, Walt Disney revealed 4 shows: the Magic Skyway, ""it‚Äôs a small world,"" Progressland, and Great Moments with Mr. Lincoln. Which attractions are still at @DisneyParks today? Find out on @DisneyD23: https://t.co/1LoSglAZ9d https://t.co/26vGsiI0ty",original,0,1,1,2556,409,4/22/19,0,
Walt Disney,profit,53,57,Media,"This #EarthDay, every member of the earthling ‚Äòohana can do their part to love our planet. https://t.co/eMGanFXfCT",original,1,1,0,7030,1906,4/22/19,0,
Sysco,profit,54,56,Wholesalers,"For example, increased digitalization has provided the opportunity of real-time monitoring of workers to reduce hazardous exposures, but has simultaneously reduced privacy through the collection and recording of sensitive personal information. https://t.co/J7SepAUujI #SafeDay",original,1,0,1,3,1,4/22/19,0,
Sysco,profit,54,56,Wholesalers,"Happy #EarthDay! It is up to all of us to protect the planet. Sysco is committed to doing our part to promote sustainable agriculture, reduce our carbon footprint and divert waste from landfill. #DeliveringABetterTomorrow #SyscoGoesGreen https://t.co/0tSmBYbxgt",original,1,1,0,13,2,4/22/19,1,
Energy Transfer,profit,59,36,Energy,"#ArborDay is this Friday, so make sure you #call811 TODAY if your celebrations involve planting trees! Three trees placed strategically around a single-family home can cut summer air conditioning needs by up to 50 percent. #AprilSafeDiggingMonth https://t.co/0URpt0lQjL",original,1,1,0,9,2,4/22/19,1,
Cisco Systems,profit,64,65,Technology,How some of the biggest names in business are leveraging their buying power to drive corporate social responsibility across the #supplychain: https://t.co/cvEEniHcMC via @usatodaymags #EarthDay #EarthAware @CiscoCSR,original,1,0,1,14,5,4/22/19,0,
Cisco Systems,profit,64,65,Technology,Cisco is committed to building the bridge to a sustainable future üåè. Read how we turn that commitment into a reality: https://t.co/KwcwpudnYp #EarthAware #EarthDay https://t.co/8SwGIb4GCq,original,1,1,1,77,28,4/22/19,0,
Goldman Sachs Group,profit,62,55,Financials,"From making green investments to sourcing 100% of global electrical needs from renewable resources, this #EarthDay, learn how we‚Äôre advancing environmental progress: https://t.co/Z6Ghy4rTOF #CapitalWithPurpose https://t.co/KwVk8NWHOw",original,1,1,1,18,5,4/22/19,0,
Goldman Sachs Group,profit,62,55,Financials,"‚ÄúJapan, which is set to lose 40% of its working-age population by 2055, is already missing out on what could be a 15% boost to the economy if women worked to their full potential.‚Äù $GS' @KathyMatsui on twenty years of #womenomics. https://t.co/0iO0wL2Crg",original,1,0,1,29,13,4/22/19,0,
Goldman Sachs Group,profit,62,55,Financials,"In celebration of #EarthDay and the release of our 2018 Sustainability Report, tell us what you think is the most impactful way individuals can forge environmental progress. #CapitalWithPurpose",original,1,0,0,10,7,4/22/19,0,
Goldman Sachs Group,profit,62,55,Financials,"For us, sustainability is about catalyzing capital and harnessing our skills to address issues facing society. This #EarthDay, discover the power of #CapitalWithPurpose in our newly released Sustainability Report: https://t.co/OoXei01yhs https://t.co/5gktkgNYOy",original,1,1,1,18,11,4/22/19,0,
Cigna,profit,65,61,Healthcare,We had a great time this weekend at the #OrangeMound Heath Fair supporting and providing free biometric screenings to the attendees. #CignaTN #GoKnowTakeControlTour https://t.co/n4qMkx5FBM,original,1,1,0,5,3,4/22/19,0,
Morgan Stanley,profit,63,58,Financials,We've joined the @RE100 and committed to finding renewable sources for 100% of our firm's global energy needs by 2022. Here's how we're going about it. #EarthDay https://t.co/XmZjYAauV2,original,1,0,1,12,2,4/22/19,1,
Morgan Stanley,profit,63,58,Financials,"On our latest episode, we explore the future of #plastics with guests including @WasteDive‚Äôs @ColeRosengren, @RubiconGlobal‚Äôs David Rachelson, @BiomePlastics's Paul Mines and our own Vincent Andrews.  https://t.co/zNxY6e3ZyT https://t.co/ZWhZQMt2m5",original,1,1,1,10,5,4/22/19,0,
Morgan Stanley,profit,63,58,Financials,The number of earnings calls that included mention of ‚Äúplastic waste‚Äù increased 340% year-over-year in 2018. Learn more for #EarthDay: https://t.co/NbwB59Y9p1 https://t.co/pcQmDc8pJY,original,1,1,1,14,5,4/22/19,0,
Pfizer,profit,61,57,Healthcare,"This #EarthDay, we're proud of the strides made toward our 2020 environmental sustainability goals through our efforts to reduce water usage, GHG emissions &amp; waste generated. Learn more about the connection between #PatientsatOurCenter &amp; our commitment to #sustainability:",original,1,0,0,51,16,4/22/19,1,
HCA Healthcare,profit,67,52,Healthcare,Please join us in welcoming our @NFLDraft visitors to Nashville!  We're excited that our home-base is host to the largest festival footprint ever created by the @NFL.  Please stay safe and healthy while visiting. Our @TriStarHealth facilities are ready to serve if needed. https://t.co/rXWd4DEyIc,original,0,1,0,10,1,4/22/19,0,
HCA Healthcare,profit,67,52,Healthcare,"Happy #EarthDay! Take a look at how our affiliate hospitals across the country are preserving the planet and making a positive impact for our patients, colleagues, and communities. ‚¨áÔ∏è   https://t.co/a4ODEYCeFv  #EarthDay #PositiveImpact #HealthierTomorrows",original,1,0,1,9,2,4/22/19,1,
Tyson Foods,profit,80,49,"Food, Beverages & Tobacco","We‚Äôre committed to producing great #food while also protecting the planet. In honor of #EarthDay, check out how we are looking to reduce greenhouse gas emissions at every part of our value chain. #TheFeedBlog #RaisingExpectations https://t.co/gMYWChEYsa",original,1,0,1,8,3,4/22/19,1,
Merck,profit,76,63,Healthcare,Reduce‚úÖ Reuse‚úÖ Recycle‚úÖ Our latest environmental goals are our most ambitious yet. See why: https://t.co/es3rLMg1AO #EarthDay https://t.co/Fjjqacy8aV,original,1,1,1,21,9,4/22/19,0,
Merck,profit,76,63,Healthcare,"This year, #kidneycancer will impact 74,000 Americans. We‚Äôre focusing our #cancer research on finding new ways to help these patients and their families: https://t.co/OkerAlUfbG https://t.co/YUuAcgIQXm",original,1,1,1,27,3,4/22/19,1,
Honeywell International,profit,77,54,Industrials,"Happy #EarthDay! From minimizing CO2 emissions to conserving energy, here‚Äôs how we‚Äôre focusing on our planet: https://t.co/LHt4VmJ6D0 https://t.co/au0jNNU3b9",original,1,1,1,27,9,4/22/19,1,
Allstate,profit,82,59,Financials,"In honor of #EarthDay, here are 10 simple eco-friendly cleaners you can make yourself! https://t.co/nvMf5vOy26",original,1,0,1,20,11,4/22/19,0,
Deere,profit,87,58,Industrials,.@LLandW recently teamed up with us to donate 2400 trees to our employees. That‚Äôs 2400 more trees helping the Earth become a more beautiful place #EarthDay2019 https://t.co/UGf6Sb9d9W,original,1,1,0,127,16,4/22/19,1,
Oracle,profit,81,58,Technology,"Oracle placed as a top 5 company for our Environmental Pillar Score! Leading the way with our comprehensive #environmental policies, targets, and positive performance embedded into our #culture. This is why we're #ProudtobeOracle on #EarthDay! Read more: https://t.co/oJz13VdYZ5",original,1,0,1,26,9,4/22/19,0,
Oracle,profit,81,58,Technology,"Hoping to break the elusive speed barrier of 60 mph, 6 global sailing teams will race data-enriched F50 catamarans on the SF Bay in the new @SailGP championship May 4-5. Teams will win on tactics and grit. Find out what else is on the line from @Forbes: https://t.co/CXd9MHupUd",original,0,0,1,118,18,4/22/19,0,
Oracle,profit,81,58,Technology,"Happy #EarthDay! As a leader in fighting #climatechange and a role model in #sustainability, Oracle is committed to building a resilient #future for our planet, humanity, and future generations. See how we're helping the planet stay green all year long: https://t.co/lgdpgRHZip https://t.co/7IJbF4VatF",original,1,1,1,59,20,4/22/19,1,
Oracle,profit,81,58,Technology,It's #EarthDay and Oracle encourages you to opt outside! Use our proactive tools to ensure your investment is up-to-date and protected so you can go out and enjoy the outdoors‚Äîwe'll take it from here. Learn more about #OracleSupport here: https://t.co/79zZa1zvEl https://t.co/l9RwRPBH0d,original,1,1,1,31,11,4/22/19,1,
AbbVie,profit,96,61,Healthcare,See how our scientists found a way to speed up research in a way that‚Äôs better for the environment. https://t.co/mDIEA5ocBx #EarthDay #EarthDay2019 https://t.co/QJi5nIMh1i,original,1,1,1,10,1,4/22/19,0,
AbbVie,profit,96,61,Healthcare,"#EarthDay is tomorrow. Check out 10 facts about the day that celebrates our #planet, via @usnews: https://t.co/FBqr29yXPx https://t.co/GoWSK6cOj7",original,1,1,1,6,0,4/22/19,0,
Northrop Grumman,profit,108,62,Aerospace & Defense,IBCS stitches together information on air and missile defense threats into a high quality and actionable air picture that is key to defending our critical military assets and formations https://t.co/A15xQtqH1U #NorthropGrumman https://t.co/hFVFLQDsV3,original,1,1,1,19,5,4/22/19,0,
Travelers,profit,106,54,Financials,Celebrating our planet today. #EarthDay https://t.co/amrdCJZgE1,original,1,1,0,10,5,4/22/19,0,
Micron Technology,profit,105,52,Technology,How are the choices Micron's making today helping ensure we have the resources and talent we will need in the years ahead? Browse our new 2019 Sustainability Report to learn how: https://t.co/3cJLKsk6Fh #EarthDay https://t.co/N0gOjTNt6I,original,1,1,1,2,1,4/22/19,0,
Hewlett Packard Enterprise,profit,102,61,Technology,We‚Äôre able to refurbish 89% of IT assets returned to our Technology Renewal Centers ‚Äì saving customers money at the same time we save the Earth‚Äôs valuable resources. More on this Circular Economy from @HPE_LivingProg: https://t.co/lKJfBjGhx8 #EarthDay @HPE_FS https://t.co/v5OVdUAbPr,original,1,1,1,23,13,4/22/19,1,
Freddie Mac,profit,40,50,Financials,"Not just on #EarthDay, but every day, we're doing our part to create responsible and sustainable practices in every area of our business. https://t.co/lSjL63va8t https://t.co/fbUdfDIpB1",original,1,1,1,9,6,4/22/19,0,
Caterpillar,profit,58,56,Industrials,"Just as #NASCAR driver @DanielHemric relies on spotter Branden Lines to be successful on the track, operators rely on our fleet monitors to get the job done each day. Watch more: https://t.co/MBOy15IoQu. #CatRacing https://t.co/fkPhqqsLop",original,1,1,1,47,9,4/22/19,0,
Caterpillar,profit,58,56,Industrials,"Sustainability is our commitment to building a better world. It's a part of who we are and what we do every single day. We recognize progress involves a balance of environmental stewardship, social responsibility and economic growth. #EarthDay Learn more: https://t.co/kgdzxpf9YG https://t.co/wxG5I8ubY0",original,1,1,1,50,9,4/22/19,0,
Caterpillar,profit,58,56,Industrials,Cat gen sets have become an important ingredient in the growing success of an Algerian food company. Get the scoop about the company's first visit and how we're helping them lower operational cost: https://t.co/i6g2eY1KTL,original,0,0,1,39,6,4/22/19,1,
Caterpillar,profit,58,56,Industrials,On #EarthDay ‚Äì and every day ‚Äì our vision is a world in which all people‚Äôs basic needs are fulfilled in a sustainable way and a company that improves the quality of the environment and the communities where we live and work. Find out more: https://t.co/kgdzxpf9YG https://t.co/M2bxkEEqMk,original,1,1,1,44,8,4/22/19,0,
HP,profit,55,67,Technology,Happy #EarthDay Proud to announce we‚Äôre expanding our efforts to reduce ocean-bound plastics and creating new income opportunities in Haiti. See how: https://t.co/DmX6QeeUSx https://t.co/qZnJOa4ery,original,1,1,1,62,21,4/22/19,1,
Centene,profit,51,51,Healthcare,The recently renamed @CenteneCtrWUSTL fosters research collaborations and innovative programs. Learn more about how behavioral change can impact community health: https://t.co/QEnnwicOc6,original,0,0,1,2,1,4/22/19,0,
Humana,profit,56,60,Healthcare,"‚ÄúThe social barriers and #Health challenges that our Medicare Advantage members and others face are deeply personal .. we are able to track and trend population health, measure outcomes and triage members in unique ways to the resources they need.‚Äù https://t.co/JPw04Hxi8F https://t.co/5ROqoS4ZV9",original,1,1,1,10,4,4/22/19,0,